Sample ID,Datetime,Site,Groundwater,Snowmelt lysimeter,Soil water lysimeter,Sum_Fractions,Groundwater_Uncertainty_95sig,Snowmelt lysimeter_Uncertainty_95sig,Soil water lysimeter_Uncertainty_95sig
RI23-1039,2023-03-22 18:00:00,Wade,0.5543013510663617,0.44569864893361755,2.0781969571093855e-14,1.0,0.8676972689475424,0.8676972688866722,5.983051320185401e-12
RI23-1040,2023-03-23 00:00:00,Wade,0.49236843238376016,0.3702745941574856,0.13735697345875433,1.0,0.8338695435352714,1.2614605658836917,0.8971277241250629
RI23-1041,2023-03-23 06:00:00,Wade,0.5046084746058819,0.4953915253941087,9.470066416107398e-15,1.0,0.8305015219369631,0.8305015219371664,4.557901917625999e-12
RI23-1055,2023-03-23 12:00:00,Wade,0.4931624851982074,0.5068375148017925,0.0,0.9999999999999999,0.8095546132011358,0.8095546132421466,1.17729753929309e-12
RI23-1056,2023-03-23 18:00:00,Wade,0.32462651836049033,0.4769123943132418,0.19846108732626794,1.0,0.6408672292620905,1.0486200963878614,0.7957095297836846
RI23-1057,2023-03-24 00:00:00,Wade,0.24519612395676318,0.48188517070028447,0.27291870534295243,1.0,0.5460833154272355,0.9559672057235872,0.7585815312881372
RI23-1058,2023-03-24 06:00:00,Wade,0.22462048878968208,0.4326092416724869,0.3427702695378311,1.0,0.5354423801316464,0.9651466131230741,0.7785796686855994
RI23-1059,2023-03-24 12:00:00,Wade,0.4379394438515773,0.4240079631439208,0.1380525930045019,1.0,0.7609369663755345,1.1969409818770176,0.8748264175238354
RI23-1060,2023-03-24 17:30:00,Wade,0.337822250206447,0.5333643212065622,0.12881342858699074,0.9999999999999999,0.6333971881515659,1.009486602061676,0.7597888151676795
