Site,Pit,Date in,Date out,Month,NH4 ppm,NH4(mg N/L) ,vol of KCl (L) ,NH4 (mg N) ,Number of resin strips ,NH4 (mg N/ resin strip) ,area of resin strip (cm2),NH4 (mg N/ cm2) ,deployment (days),N adsorbed (mg N cm-2 day-1) ,N adsorbed (ug N cm-2 day-1) ,N adsorbed (ug N cm-2 week-1) ,N adsorbed (ug N cm-2 30 days-1) 
Wade Wet,1,11/17/2021,12/15/2021,12/15/2021,0.35,0.35,0.04,0.01,1,0.01,11.4,0.00123,28,0.000044,0.04,0.31,1.32
Wade Wet,5,11/17/2021,12/15/2021,,0.51,0.51,0.04,0.02,1,0.02,11.4,0.00178,28,0.000063,0.06,0.44,1.9
Wade Wet,6,11/17/2021,12/15/2021,,0.92,0.92,0.04,0.04,1,0.04,11.4,0.00323,28,0.000115,0.12,0.81,3.46
Wade Wet,7,11/17/2021,12/15/2021,,-0.02,-0.02,0.04,0,1,0,11.4,-0.00009,28,-0.000003,0,-0.02,-0.09
Wade Wet,8,11/17/2021,12/15/2021,,0.3,0.3,0.04,0.01,1,0.01,11.4,0.00106,28,0.000038,0.04,0.27,1.14
Wade Dry,1,11/17/2021,12/15/2021,,0.15,0.15,0.04,0.01,1,0.01,11.4,0.00051,28,0.000018,0.02,0.13,0.55
Wade Dry,2,11/17/2021,12/15/2021,,0.05,0.05,0.04,0,1,0,11.4,0.00018,28,0.000006,0.01,0.05,0.19
Wade Dry,3,11/17/2021,12/15/2021,,-0.12,-0.12,0.04,0,1,0,11.4,-0.00042,28,-0.000015,-0.02,-0.11,-0.45
Wade Dry,4,11/17/2021,12/15/2021,,0.13,0.13,0.04,0.01,1,0.01,11.4,0.00044,28,0.000016,0.02,0.11,0.47
Wade Dry,5,11/17/2021,12/15/2021,,0.12,0.12,0.04,0,1,0,11.4,0.00043,28,0.000015,0.02,0.11,0.46
Hungerford Dry,1,11/17/2021,12/16/2021,,0.07,0.07,0.04,0,1,0,11.4,0.00024,29,0.000008,0.01,0.06,0.25
Hungerford Dry,2,11/17/2021,12/16/2021,,75.82,75.82,0.04,3.03,1,3.03,11.4,0.26604,29,0.009174,9.17,64.22,275.21
Hungerford Wet,1,11/17/2021,12/16/2021,,0.48,0.48,0.04,0.02,1,0.02,11.4,0.00168,29,0.000058,0.06,0.41,1.74
Hungerford Wet,2,11/17/2021,12/16/2021,,5.28,5.28,0.04,0.21,1,0.21,11.4,0.01853,29,0.000639,0.64,4.47,19.17
Hungerford Wet,3,11/17/2021,12/16/2021,,0.91,0.91,0.04,0.04,1,0.04,11.4,0.00321,29,0.000111,0.11,0.77,3.32
Hungerford Wet,5,11/17/2021,12/16/2021,,0.13,0.13,0.04,0.01,1,0.01,11.4,0.00044,29,0.000015,0.02,0.11,0.46
Wade Wet,1,12/15/2021,2/15/2022,,0.12,0.12,0.04,0,1,0,11.4,0.00041,62,0.000007,0.01,0.05,0.2
Wade Wet,5,12/15/2021,2/15/2022,,0.66,0.66,0.04,0.03,1,0.03,11.4,0.0023,62,0.000037,0.04,0.26,1.11
Wade Wet,6,12/15/2021,2/15/2022,,1.3,1.3,0.04,0.05,1,0.05,11.4,0.00456,62,0.000074,0.07,0.52,2.21
Wade Wet,7,12/15/2021,2/15/2022,,0.04,0.04,0.04,0,1,0,11.4,0.00012,62,0.000002,0,0.01,0.06
Wade Wet,8,12/15/2021,2/15/2022,,0.1,0.1,0.04,0,1,0,11.4,0.00035,62,0.000006,0.01,0.04,0.17
Wade Dry,1,12/15/2021,2/15/2022,,0.16,0.16,0.04,0.01,1,0.01,11.4,0.00057,62,0.000009,0.01,0.06,0.27
Wade Dry,2,12/15/2021,2/15/2022,,0.28,0.28,0.04,0.01,1,0.01,11.4,0.00098,62,0.000016,0.02,0.11,0.47
Wade Dry,3,12/15/2021,2/15/2022,,0,0,0.04,0,1,0,11.4,0,62,0,0,0,0
Wade Dry,4,12/15/2021,2/15/2022,,0.08,0.08,0.04,0,1,0,11.4,0.00027,62,0.000004,0,0.03,0.13
Wade Dry,5,12/15/2021,2/15/2022,,0.2,0.2,0.04,0.01,1,0.01,11.4,0.00071,62,0.000012,0.01,0.08,0.35
Hungerford Wet,2,12/16/2021,2/15/2022,,9.85,9.85,0.04,0.39,1,0.39,11.4,0.03456,61,0.000567,0.57,3.97,17
Hungerford Wet,3,12/16/2021,2/15/2022,,0.22,0.22,0.04,0.01,1,0.01,11.4,0.00076,61,0.000012,0.01,0.09,0.37
Hungerford Wet,5,12/16/2021,2/15/2022,,0.25,0.25,0.04,0.01,1,0.01,11.4,0.00086,61,0.000014,0.01,0.1,0.42
Wade Wet,1,2/15/2022,3/17/2022,,0.12,0.12,0.04,0,1,0,11.4,0.00043,30,0.000014,0.01,0.1,0.43
Wade Wet,5,2/15/2022,3/17/2022,,0.42,0.42,0.04,0.02,1,0.02,11.4,0.00148,30,0.000049,0.05,0.35,1.48
Wade Wet,6,2/15/2022,3/17/2022,,0.32,0.32,0.04,0.01,1,0.01,11.4,0.00113,30,0.000038,0.04,0.26,1.13
Wade Wet,7,2/15/2022,3/17/2022,,0.12,0.12,0.04,0,1,0,11.4,0.00041,30,0.000014,0.01,0.1,0.41
Wade Wet,8,2/15/2022,3/17/2022,,0.71,0.71,0.04,0.03,1,0.03,11.4,0.0025,30,0.000083,0.08,0.58,2.5
Wade Dry,1,2/15/2022,3/17/2022,,0.64,0.64,0.04,0.03,1,0.03,11.4,0.00225,30,0.000075,0.07,0.52,2.25
Wade Dry,2,2/15/2022,3/17/2022,,0.1,0.1,0.04,0,1,0,11.4,0.00035,30,0.000012,0.01,0.08,0.35
Wade Dry,3,2/15/2022,3/17/2022,,0.21,0.21,0.04,0.01,1,0.01,11.4,0.00074,30,0.000025,0.02,0.17,0.74
Wade Dry,4,2/15/2022,3/17/2022,,0.64,0.64,0.04,0.03,1,0.03,11.4,0.00224,30,0.000075,0.07,0.52,2.24
Wade Dry,5,2/15/2022,3/17/2022,,0.28,0.28,0.04,0.01,1,0.01,11.4,0.00097,30,0.000032,0.03,0.23,0.97
Hungerford Wet,2,2/15/2022,3/17/2022,,0.91,0.91,0.04,0.04,1,0.04,11.4,0.00318,30,0.000106,0.11,0.74,3.18
Hungerford Wet,3,2/15/2022,3/17/2022,,0.41,0.41,0.04,0.02,1,0.02,11.4,0.00145,30,0.000048,0.05,0.34,1.45
Wade Wet,1,3/17/2022,4/13/2022,,0.09,0.09,0.04,0,1,0,11.4,0.00031,27,0.000012,0.01,0.08,0.35
Wade Wet,5,3/17/2022,4/13/2022,,0.24,0.24,0.04,0.01,1,0.01,11.4,0.00083,27,0.000031,0.03,0.22,0.93
Wade Wet,6,3/17/2022,4/13/2022,,0.98,0.98,0.04,0.04,1,0.04,11.4,0.00344,27,0.000127,0.13,0.89,3.82
Wade Wet,7,3/17/2022,4/13/2022,,0.93,0.93,0.04,0.04,1,0.04,11.4,0.00325,27,0.00012,0.12,0.84,3.61
Wade Wet,8,3/17/2022,4/13/2022,,0.65,0.65,0.04,0.03,1,0.03,11.4,0.00227,27,0.000084,0.08,0.59,2.52
Wade Dry,1,3/17/2022,4/13/2022,,0.37,0.37,0.04,0.01,1,0.01,11.4,0.0013,27,0.000048,0.05,0.34,1.44
Wade Dry,2,3/17/2022,4/13/2022,,0.06,0.06,0.04,0,1,0,11.4,0.00022,27,0.000008,0.01,0.06,0.24
Wade Dry,3,3/17/2022,4/13/2022,,0.26,0.26,0.04,0.01,1,0.01,11.4,0.00093,27,0.000034,0.03,0.24,1.03
Wade Dry,4,3/17/2022,4/13/2022,,0.28,0.28,0.04,0.01,1,0.01,11.4,0.00099,27,0.000037,0.04,0.26,1.1
Wade Dry,5,3/17/2022,4/13/2022,,0.14,0.14,0.04,0.01,1,0.01,11.4,0.0005,27,0.000019,0.02,0.13,0.56
Hungerford Dry,2,12/16/2021,4/13/2022,,9.08,9.08,0.04,0.36,1,0.36,11.4,0.03186,118,0.00027,0.27,1.89,8.1
Hungerford Wet,1,3/17/2022,4/13/2022,,3.8,3.8,0.04,0.15,1,0.15,11.4,0.01333,27,0.000494,0.49,3.46,14.81
Hungerford Wet,2,3/17/2022,4/13/2022,,1.06,1.06,0.04,0.04,1,0.04,11.4,0.00373,27,0.000138,0.14,0.97,4.15
Hungerford Wet,3,3/17/2022,4/13/2022,,0.9,0.9,0.04,0.04,1,0.04,11.4,0.00317,27,0.000117,0.12,0.82,3.52
Hungerford Wet,5,2/15/2022,4/13/2022,,0.69,0.69,0.04,0.03,1,0.03,11.4,0.00242,57,0.000042,0.04,0.3,1.27
Wade Wet,1,4/13/2022,5/18/2022,,0.12,0.12,0.06,0.01,1,0.01,11.4,0.00061,35,0.000017,0.02,0.12,0.52
Wade Wet,5,4/13/2022,5/18/2022,,0.89,0.89,0.06,0.05,1,0.05,11.4,0.0047,35,0.000134,0.13,0.94,4.03
Wade Wet,6,4/13/2022,5/18/2022,,2.94,2.94,0.06,0.18,1,0.18,11.4,0.01549,35,0.000443,0.44,3.1,13.28
Wade Wet,7,4/13/2022,5/18/2022,,0.06,0.06,0.06,0,1,0,11.4,0.00033,35,0.000009,0.01,0.07,0.28
Wade Wet,8,4/13/2022,5/18/2022,,0.27,0.27,0.06,0.02,1,0.02,11.4,0.00142,35,0.000041,0.04,0.28,1.22
Wade Dry,1,4/13/2022,5/18/2022,,0.19,0.19,0.06,0.01,1,0.01,11.4,0.00098,35,0.000028,0.03,0.2,0.84
Wade Dry,2,4/13/2022,5/18/2022,,0.12,0.12,0.06,0.01,1,0.01,11.4,0.00063,35,0.000018,0.02,0.13,0.54
Wade Dry,3,4/13/2022,5/18/2022,,0.46,0.46,0.06,0.03,1,0.03,11.4,0.00242,35,0.000069,0.07,0.48,2.07
Wade Dry,4,4/13/2022,5/18/2022,,0.41,0.41,0.06,0.02,1,0.02,11.4,0.00217,35,0.000062,0.06,0.43,1.86
Wade Dry,5,4/13/2022,5/18/2022,,0.23,0.23,0.06,0.01,1,0.01,11.4,0.0012,35,0.000034,0.03,0.24,1.03
Hungerford Dry,2,4/13/2022,5/18/2022,,1.41,1.41,0.06,0.08,1,0.08,11.4,0.00742,35,0.000212,0.21,1.48,6.36
Hungerford Wet,1,4/13/2022,5/18/2022,,2.76,2.76,0.06,0.17,1,0.17,11.4,0.0145,35,0.000414,0.41,2.9,12.43
Hungerford Wet,2,4/13/2022,5/18/2022,,1.44,1.44,0.06,0.09,1,0.09,11.4,0.00759,35,0.000217,0.22,1.52,6.51
Hungerford Wet,3,4/13/2022,5/18/2022,,1.62,1.62,0.06,0.1,1,0.1,11.4,0.00852,35,0.000243,0.24,1.7,7.3
Hungerford Wet,5,4/13/2022,5/18/2022,,0.28,0.28,0.06,0.02,1,0.02,11.4,0.00148,35,0.000042,0.04,0.3,1.26
Wade Wet,1,5/18/2022,6/15/2022,,0.07,0.07,0.06,0,1,0,11.4,0.00039,28,0.000014,0.01,0.1,0.42
Wade Wet,5,5/18/2022,6/15/2022,,3.55,3.55,0.06,0.21,1,0.21,11.4,0.01866,28,0.000666,0.67,4.67,19.99
Wade Wet,6,5/18/2022,6/15/2022,,7.11,7.11,0.06,0.43,1,0.43,11.4,0.03744,28,0.001337,1.34,9.36,40.11
Wade Wet,7,5/18/2022,6/15/2022,,2.01,2.01,0.06,0.12,1,0.12,11.4,0.0106,28,0.000378,0.38,2.65,11.35
Wade Wet,8,5/18/2022,6/15/2022,,4.97,4.97,0.06,0.3,1,0.3,11.4,0.02615,28,0.000934,0.93,6.54,28.02
Wade Dry,1,5/18/2022,6/15/2022,,0.21,0.21,0.06,0.01,1,0.01,11.4,0.00111,28,0.000039,0.04,0.28,1.18
Wade Dry,2,5/18/2022,6/15/2022,,0.19,0.19,0.06,0.01,1,0.01,11.4,0.00101,28,0.000036,0.04,0.25,1.08
Wade Dry,3,5/18/2022,6/15/2022,,0.78,0.78,0.06,0.05,1,0.05,11.4,0.00408,28,0.000146,0.15,1.02,4.37
Wade Dry,4,5/18/2022,6/15/2022,,0.11,0.11,0.06,0.01,1,0.01,11.4,0.00058,28,0.000021,0.02,0.15,0.62
Wade Dry,5,5/18/2022,6/15/2022,,2.15,2.15,0.06,0.13,1,0.13,11.4,0.01129,28,0.000403,0.4,2.82,12.1
Hungerford Dry,1,5/18/2022,6/15/2022,,0.2,0.2,0.06,0.01,1,0.01,11.4,0.00104,28,0.000037,0.04,0.26,1.11
Hungerford Dry,2,5/18/2022,6/15/2022,,1.93,1.93,0.06,0.12,1,0.12,11.4,0.01015,28,0.000363,0.36,2.54,10.88
Hungerford Wet,1,5/18/2022,6/15/2022,,1.23,1.23,0.06,0.07,1,0.07,11.4,0.00646,28,0.000231,0.23,1.62,6.93
Hungerford Wet,2,5/18/2022,6/15/2022,,3.02,3.02,0.06,0.18,1,0.18,11.4,0.01592,28,0.000569,0.57,3.98,17.06
Hungerford Wet,3,5/18/2022,6/15/2022,,0.73,0.73,0.06,0.04,1,0.04,11.4,0.00382,28,0.000136,0.14,0.95,4.09
Hungerford Wet,5,5/18/2022,6/15/2022,,2.15,2.15,0.06,0.13,1,0.13,11.4,0.01131,28,0.000404,0.4,2.83,12.12
Wade Wet,1,6/15/2022,7/15/2022,,0.24,0.24,0.06,0.01,1,0.01,11.4,0.00129,30,0.000043,0.04,0.3,1.29
Wade Wet,5,6/15/2022,7/15/2022,,2.75,2.75,0.06,0.16,1,0.16,11.4,0.01445,30,0.000482,0.48,3.37,14.45
Wade Wet,6,6/15/2022,7/15/2022,,5.16,5.16,0.06,0.31,1,0.31,11.4,0.02718,30,0.000906,0.91,6.34,27.18
Wade Wet,7,6/15/2022,7/15/2022,,0.28,0.28,0.06,0.02,1,0.02,11.4,0.00146,30,0.000049,0.05,0.34,1.46
Wade Wet,8,6/15/2022,7/15/2022,,0.85,0.85,0.06,0.05,1,0.05,11.4,0.00446,30,0.000149,0.15,1.04,4.46
Wade Dry,1,6/15/2022,7/15/2022,,0.78,0.78,0.06,0.05,1,0.05,11.4,0.00412,30,0.000137,0.14,0.96,4.12
Wade Dry,2,6/15/2022,7/15/2022,,1.88,1.88,0.06,0.11,1,0.11,11.4,0.00991,30,0.00033,0.33,2.31,9.91
Wade Dry,3,6/15/2022,7/15/2022,,1.22,1.22,0.06,0.07,1,0.07,11.4,0.00644,30,0.000215,0.21,1.5,6.44
Wade Dry,4,6/15/2022,7/15/2022,,0.72,0.72,0.06,0.04,1,0.04,11.4,0.00381,30,0.000127,0.13,0.89,3.81
Wade Dry,5,6/15/2022,7/15/2022,,0.67,0.67,0.06,0.04,1,0.04,11.4,0.00353,30,0.000118,0.12,0.82,3.53
Hungerford Dry,1,6/15/2022,7/15/2022,,0.19,0.19,0.06,0.01,1,0.01,11.4,0.00101,30,0.000034,0.03,0.24,1.01
Hungerford Dry,2,6/15/2022,7/15/2022,,0.11,0.11,0.06,0.01,1,0.01,11.4,0.0006,30,0.00002,0.02,0.14,0.6
Hungerford Wet,1,6/15/2022,7/15/2022,,1.26,1.26,0.06,0.08,1,0.08,11.4,0.00665,30,0.000222,0.22,1.55,6.65
Hungerford Wet,2,6/15/2022,7/15/2022,,1.62,1.62,0.06,0.1,1,0.1,11.4,0.00851,30,0.000284,0.28,1.99,8.51
Hungerford Wet,3,6/15/2022,7/15/2022,,2.08,2.08,0.06,0.12,1,0.12,11.4,0.01094,30,0.000365,0.36,2.55,10.94
Hungerford Wet,5,6/15/2022,7/15/2022,,8.79,8.79,0.06,0.53,1,0.53,11.4,0.04625,30,0.001542,1.54,10.79,46.25
Wade Wet,1,7/15/2022,8/15/2022,,0.26,0.26,0.06,0.02,1,0.02,11.4,0.00135,31,0.000043,0.04,0.3,1.3
Wade Wet,5,7/15/2022,8/15/2022,,1.72,1.72,0.06,0.1,1,0.1,11.4,0.00904,31,0.000292,0.29,2.04,8.75
Wade Wet,6,7/15/2022,8/15/2022,,1.14,1.14,0.06,0.07,1,0.07,11.4,0.00602,31,0.000194,0.19,1.36,5.83
Wade Wet,7,7/15/2022,8/15/2022,,0.14,0.14,0.06,0.01,1,0.01,11.4,0.00073,31,0.000024,0.02,0.16,0.71
Wade Wet,8,7/15/2022,8/15/2022,,0.31,0.31,0.06,0.02,1,0.02,11.4,0.00161,31,0.000052,0.05,0.36,1.56
Wade Dry,2,7/15/2022,8/15/2022,,3.33,3.33,0.06,0.2,1,0.2,11.4,0.01755,31,0.000566,0.57,3.96,16.98
Wade Dry,3,7/15/2022,8/15/2022,,9.02,9.02,0.06,0.54,1,0.54,11.4,0.04747,31,0.001531,1.53,10.72,45.94
Wade Dry,4,7/15/2022,8/15/2022,,0.43,0.43,0.06,0.03,1,0.03,11.4,0.00228,31,0.000074,0.07,0.52,2.21
Wade Dry,5,7/15/2022,8/15/2022,,0.92,0.92,0.06,0.06,1,0.06,11.4,0.00486,31,0.000157,0.16,1.1,4.7
Hungerford Dry,1,7/15/2022,8/15/2022,,2.59,2.59,0.06,0.16,1,0.16,11.4,0.01364,31,0.00044,0.44,3.08,13.2
Hungerford Dry,2,7/15/2022,8/15/2022,,0.66,0.66,0.06,0.04,1,0.04,11.4,0.00345,31,0.000111,0.11,0.78,3.34
Hungerford Wet,1,7/15/2022,8/15/2022,,1.41,1.41,0.06,0.08,1,0.08,11.4,0.00742,31,0.000239,0.24,1.68,7.18
Hungerford Wet,2,7/15/2022,8/15/2022,,0.2,0.2,0.06,0.01,1,0.01,11.4,0.00106,31,0.000034,0.03,0.24,1.03
Hungerford Wet,3,7/15/2022,8/15/2022,,9.54,9.54,0.06,0.57,1,0.57,11.4,0.05019,31,0.001619,1.62,11.33,48.57
Hungerford Wet,5,7/15/2022,8/15/2022,,50.57,50.57,0.06,3.03,1,3.03,11.4,0.26616,31,0.008586,8.59,60.1,257.57
Wade Wet,1,8/15/2022,9/16/2022,,1.13,1.13,0.06,0.07,1,0.07,11.4,0.00595,32,0.000186,0.19,1.3,5.58
Wade Wet,5,8/15/2022,9/16/2022,,1.5,1.5,0.06,0.09,1,0.09,11.4,0.00789,32,0.000247,0.25,1.73,7.4
Wade Wet,6,8/15/2022,9/16/2022,,1.95,1.95,0.06,0.12,1,0.12,11.4,0.01024,32,0.00032,0.32,2.24,9.6
Wade Wet,7,8/15/2022,9/16/2022,,70.88,70.88,0.06,4.25,1,4.25,11.4,0.37308,32,0.011659,11.66,81.61,349.76
Wade Wet,8,8/15/2022,9/16/2022,,0.36,0.36,0.06,0.02,1,0.02,11.4,0.00189,32,0.000059,0.06,0.41,1.77
Wade Dry,1,8/15/2022,9/16/2022,,0.72,0.72,0.06,0.04,1,0.04,11.4,0.0038,32,0.000119,0.12,0.83,3.56
Wade Dry,2,8/15/2022,9/16/2022,,0.54,0.54,0.06,0.03,1,0.03,11.4,0.00285,32,0.000089,0.09,0.62,2.67
Wade Dry,3,8/15/2022,9/16/2022,,1.13,1.13,0.06,0.07,1,0.07,11.4,0.00594,32,0.000186,0.19,1.3,5.57
Wade Dry,4,8/15/2022,9/16/2022,,0.23,0.23,0.06,0.01,1,0.01,11.4,0.00122,32,0.000038,0.04,0.27,1.14
Wade Dry,5,8/15/2022,9/16/2022,,4.55,4.55,0.06,0.27,1,0.27,11.4,0.02397,32,0.000749,0.75,5.24,22.47
Hungerford Dry,2,8/15/2022,9/16/2022,,0.59,0.59,0.06,0.04,1,0.04,11.4,0.0031,32,0.000097,0.1,0.68,2.91
Hungerford Wet,1,8/15/2022,9/16/2022,,4.91,4.91,0.06,0.29,1,0.29,11.4,0.02585,32,0.000808,0.81,5.65,24.23
Hungerford Wet,2,8/15/2022,9/16/2022,,0.67,0.67,0.06,0.04,1,0.04,11.4,0.00355,32,0.000111,0.11,0.78,3.33
Hungerford Wet,3,8/15/2022,9/16/2022,,11.9,11.9,0.06,0.71,1,0.71,11.4,0.06263,32,0.001957,1.96,13.7,58.72
Hungerford Wet,5,8/15/2022,9/16/2022,,5.17,5.17,0.06,0.31,1,0.31,11.4,0.02721,32,0.00085,0.85,5.95,25.51
Wade Wet,1,9/16/2022,10/18/2022,,0.3,0.3,0.06,0.02,1,0.02,11.4,0.00156,32,0.000049,0.05,0.34,1.46
Wade Wet,5,9/16/2022,10/18/2022,,0.91,0.91,0.06,0.05,1,0.05,11.4,0.00478,32,0.000149,0.15,1.05,4.48
Wade Wet,6,9/16/2022,10/18/2022,,1.61,1.61,0.06,0.1,1,0.1,11.4,0.0085,32,0.000265,0.27,1.86,7.96
Wade Wet,7,9/16/2022,10/18/2022,,1.44,1.44,0.06,0.09,1,0.09,11.4,0.00759,32,0.000237,0.24,1.66,7.11
Wade Wet,8,9/16/2022,10/18/2022,,0.42,0.42,0.06,0.03,1,0.03,11.4,0.00221,32,0.000069,0.07,0.48,2.07
Wade Dry,1,9/16/2022,10/18/2022,,0.54,0.54,0.06,0.03,1,0.03,11.4,0.00282,32,0.000088,0.09,0.62,2.64
Wade Dry,2,9/16/2022,10/18/2022,,0.12,0.12,0.06,0.01,1,0.01,11.4,0.00065,32,0.00002,0.02,0.14,0.61
Wade Dry,3,9/16/2022,10/18/2022,,0.61,0.61,0.06,0.04,1,0.04,11.4,0.00321,32,0.0001,0.1,0.7,3
Wade Dry,4,9/16/2022,10/18/2022,,0.06,0.06,0.06,0,1,0,11.4,0.00032,32,0.00001,0.01,0.07,0.3
Wade Dry,5,9/16/2022,10/18/2022,,1.6,1.6,0.06,0.1,1,0.1,11.4,0.00842,32,0.000263,0.26,1.84,7.89
Hungerford Dry,1,9/16/2022,10/18/2022,,0.47,0.47,0.06,0.03,1,0.03,11.4,0.00246,32,0.000077,0.08,0.54,2.31
Hungerford Dry,2,9/16/2022,10/18/2022,,2.62,2.62,0.06,0.16,1,0.16,11.4,0.01377,32,0.00043,0.43,3.01,12.91
Hungerford Wet,1,9/16/2022,10/18/2022,,1.75,1.75,0.06,0.1,1,0.1,11.4,0.0092,32,0.000287,0.29,2.01,8.62
Hungerford Wet,2,9/16/2022,10/18/2022,,5.49,5.49,0.06,0.33,1,0.33,11.4,0.02889,32,0.000903,0.9,6.32,27.08
Hungerford Wet,3,9/16/2022,10/18/2022,,1.2,1.2,0.06,0.07,1,0.07,11.4,0.00632,32,0.000198,0.2,1.38,5.93
Hungerford Wet,5,9/16/2022,10/18/2022,,1.71,1.71,0.06,0.1,1,0.1,11.4,0.00901,32,0.000282,0.28,1.97,8.45
Wade Wet,1,10/18/2022,11/18/2022,,1.01,1.01,0.06,0.06,1,0.06,11.4,0.00532,31,0.000171,0.17,1.2,5.14
Wade Wet,5,10/18/2022,11/18/2022,,1.04,1.04,0.06,0.06,1,0.06,11.4,0.00548,31,0.000177,0.18,1.24,5.3
Wade Wet,6,10/18/2022,11/18/2022,,0.8,0.8,0.06,0.05,1,0.05,11.4,0.00421,31,0.000136,0.14,0.95,4.07
Wade Wet,7,10/18/2022,11/18/2022,,0.28,0.28,0.06,0.02,1,0.02,11.4,0.00147,31,0.000047,0.05,0.33,1.42
Wade Dry,1,10/18/2022,11/18/2022,,0.69,0.69,0.06,0.04,1,0.04,11.4,0.00364,31,0.000117,0.12,0.82,3.52
Wade Dry,2,10/18/2022,11/18/2022,,0.24,0.24,0.06,0.01,1,0.01,11.4,0.00128,31,0.000041,0.04,0.29,1.24
Wade Dry,3,10/18/2022,11/18/2022,,0.37,0.37,0.06,0.02,1,0.02,11.4,0.00196,31,0.000063,0.06,0.44,1.89
Wade Dry,4,10/18/2022,11/18/2022,,0.32,0.32,0.06,0.02,1,0.02,11.4,0.00171,31,0.000055,0.06,0.39,1.65
Wade Dry,5,10/18/2022,11/18/2022,,0.97,0.97,0.06,0.06,1,0.06,11.4,0.00513,31,0.000165,0.17,1.16,4.96
Hungerford Dry,1,10/18/2022,11/18/2022,,1.06,1.06,0.06,0.06,1,0.06,11.4,0.00555,31,0.000179,0.18,1.25,5.38
Hungerford Dry,2,10/18/2022,11/18/2022,,0.85,0.85,0.06,0.05,1,0.05,11.4,0.00449,31,0.000145,0.14,1.01,4.35
Hungerford Wet,1,10/18/2022,11/18/2022,,0.51,0.51,0.06,0.03,1,0.03,11.4,0.00269,31,0.000087,0.09,0.61,2.61
Hungerford Wet,2,10/18/2022,11/18/2022,,0.99,0.99,0.06,0.06,1,0.06,11.4,0.00522,31,0.000168,0.17,1.18,5.05
Hungerford Wet,3,10/18/2022,11/18/2022,,3.31,3.31,0.06,0.2,1,0.2,11.4,0.01741,31,0.000562,0.56,3.93,16.85
Hungerford Wet,5,10/18/2022,11/18/2022,,1.35,1.35,0.06,0.08,1,0.08,11.4,0.00711,31,0.000229,0.23,1.61,6.88
Wade Wet,1,11/18/2022,1/11/2023,,0.59,0.59,0.06,0.04,1,0.04,11.4,0.00311,54,0.000058,0.06,0.4,1.73
Wade Wet,5,11/18/2022,1/11/2023,,0.92,0.92,0.06,0.06,1,0.06,11.4,0.00485,54,0.00009,0.09,0.63,2.69
Wade Wet,6,11/18/2022,1/11/2023,,1.4,1.4,0.06,0.08,1,0.08,11.4,0.00735,54,0.000136,0.14,0.95,4.09
Wade Wet,7,11/18/2022,1/11/2023,,1.07,1.07,0.06,0.06,1,0.06,11.4,0.00561,54,0.000104,0.1,0.73,3.12
Wade Wet,8,11/18/2022,1/11/2023,,0.22,0.22,0.06,0.01,1,0.01,11.4,0.00118,54,0.000022,0.02,0.15,0.66
Wade Dry,1,11/18/2022,1/11/2023,,6.32,6.32,0.06,0.38,1,0.38,11.4,0.03328,54,0.000616,0.62,4.31,18.49
Wade Dry,2,11/18/2022,1/11/2023,,0.19,0.19,0.06,0.01,1,0.01,11.4,0.001,54,0.000018,0.02,0.13,0.55
Wade Dry,3,11/18/2022,1/11/2023,,0.8,0.8,0.06,0.05,1,0.05,11.4,0.00421,54,0.000078,0.08,0.55,2.34
Wade Dry,4,11/18/2022,1/11/2023,,1.84,1.84,0.06,0.11,1,0.11,11.4,0.00968,54,0.000179,0.18,1.25,5.38
Wade Dry,5,11/18/2022,1/11/2023,,0.67,0.67,0.06,0.04,1,0.04,11.4,0.00352,54,0.000065,0.07,0.46,1.96
Hungerford Dry,1,11/18/2022,1/11/2023,,9.88,9.88,0.06,0.59,1,0.59,11.4,0.052,54,0.000963,0.96,6.74,28.89
Hungerford Wet,1,11/18/2022,1/11/2023,,1.27,1.27,0.06,0.08,1,0.08,11.4,0.00667,54,0.000124,0.12,0.86,3.71
Hungerford Wet,2,11/18/2022,1/11/2023,,0.72,0.72,0.06,0.04,1,0.04,11.4,0.00376,54,0.00007,0.07,0.49,2.09
Hungerford Wet,3,11/18/2022,1/11/2023,,1.41,1.41,0.06,0.08,1,0.08,11.4,0.0074,54,0.000137,0.14,0.96,4.11
Hungerford Wet,5,11/18/2022,1/11/2023,,7.04,7.04,0.06,0.42,1,0.42,11.4,0.03707,54,0.000687,0.69,4.81,20.6
Wade Wet,1,1/11/2023,2/15/2023,,0.4,0.4,0.06,0.02,1,0.02,11.4,0.00211,35,0.00006,0.06,0.42,1.81
Wade Wet,5,1/11/2023,2/15/2023,,0.4,0.4,0.06,0.02,1,0.02,11.4,0.00211,35,0.00006,0.06,0.42,1.81
Wade Wet,6,1/11/2023,2/15/2023,,0.85,0.85,0.06,0.05,1,0.05,11.4,0.00446,35,0.000127,0.13,0.89,3.82
Wade Wet,7,1/11/2023,2/15/2023,,0.9,0.9,0.06,0.05,1,0.05,11.4,0.00472,35,0.000135,0.13,0.94,4.04
Wade Wet,8,1/11/2023,2/15/2023,,0.69,0.69,0.06,0.04,1,0.04,11.4,0.00361,35,0.000103,0.1,0.72,3.09
Wade Dry,1,1/11/2023,2/15/2023,,1.8,1.8,0.06,0.11,1,0.11,11.4,0.00949,35,0.000271,0.27,1.9,8.14
Wade Dry,2,1/11/2023,2/15/2023,,0.29,0.29,0.06,0.02,1,0.02,11.4,0.00155,35,0.000044,0.04,0.31,1.33
Wade Dry,3,1/11/2023,2/15/2023,,0.77,0.77,0.06,0.05,1,0.05,11.4,0.00407,35,0.000116,0.12,0.81,3.49
Wade Dry,4,1/11/2023,2/15/2023,,0.5,0.5,0.06,0.03,1,0.03,11.4,0.00262,35,0.000075,0.07,0.52,2.25
Wade Dry,5,1/11/2023,2/15/2023,,0.73,0.73,0.06,0.04,1,0.04,11.4,0.00383,35,0.00011,0.11,0.77,3.29
Hungerford Dry,1,1/11/2023,2/15/2023,,24.8,24.8,0.06,1.49,1,1.49,11.4,0.13054,35,0.00373,3.73,26.11,111.89
Hungerford Wet,1,1/11/2023,2/15/2023,,2.07,2.07,0.06,0.12,1,0.12,11.4,0.01088,35,0.000311,0.31,2.18,9.32
Hungerford Wet,2,1/11/2023,2/15/2023,,1.18,1.18,0.06,0.07,1,0.07,11.4,0.0062,35,0.000177,0.18,1.24,5.31
Hungerford Wet,3,1/11/2023,2/15/2023,,1.11,1.11,0.06,0.07,1,0.07,11.4,0.00586,35,0.000167,0.17,1.17,5.02
Wade Wet,1,2/15/2023,4/12/2023,,0.62,0.62,0.06,0.04,1,0.04,11.4,0.00327,56,0.000058,0.06,0.41,1.75
Wade Wet,5,2/15/2023,4/12/2023,,1.36,1.36,0.06,0.08,1,0.08,11.4,0.00718,56,0.000128,0.13,0.9,3.85
Wade Wet,6,2/15/2023,4/12/2023,,7.15,7.15,0.06,0.43,1,0.43,11.4,0.03765,56,0.000672,0.67,4.71,20.17
Wade Wet,7,2/15/2023,4/12/2023,,0.47,0.47,0.06,0.03,1,0.03,11.4,0.00246,56,0.000044,0.04,0.31,1.32
Wade Wet,8,2/15/2023,4/12/2023,,0.2,0.2,0.06,0.01,1,0.01,11.4,0.00103,56,0.000018,0.02,0.13,0.55
Wade Dry,1,2/15/2023,4/12/2023,,0.98,0.98,0.06,0.06,1,0.06,11.4,0.00516,56,0.000092,0.09,0.65,2.76
Wade Dry,2,2/15/2023,4/12/2023,,0.19,0.19,0.06,0.01,1,0.01,11.4,0.00097,56,0.000017,0.02,0.12,0.52
Wade Dry,3,2/15/2023,4/12/2023,,1.06,1.06,0.06,0.06,1,0.06,11.4,0.00557,56,0.0001,0.1,0.7,2.99
Wade Dry,4,2/15/2023,4/12/2023,,1.87,1.87,0.06,0.11,1,0.11,11.4,0.00986,56,0.000176,0.18,1.23,5.28
Wade Dry,5,2/15/2023,4/12/2023,,0.3,0.3,0.06,0.02,1,0.02,11.4,0.00156,56,0.000028,0.03,0.2,0.84
Hungerford Dry,1,2/15/2023,4/12/2023,,4.3,4.3,0.06,0.26,1,0.26,11.4,0.02263,56,0.000404,0.4,2.83,12.12
Hungerford Wet,1,2/15/2023,4/12/2023,,1.9,1.9,0.06,0.11,1,0.11,11.4,0.00998,56,0.000178,0.18,1.25,5.35
Hungerford Wet,2,2/15/2023,4/12/2023,,1.38,1.38,0.06,0.08,1,0.08,11.4,0.00725,56,0.000129,0.13,0.91,3.88
Hungerford Wet,3,2/15/2023,4/12/2023,,1.6,1.6,0.06,0.1,1,0.1,11.4,0.00841,56,0.00015,0.15,1.05,4.5
Hungerford Wet,5,2/15/2023,4/12/2023,,2.59,2.59,0.06,0.16,1,0.16,11.4,0.01362,56,0.000243,0.24,1.7,7.3
Wade Wet,6,4/12/2023,5/9/2023,,3.78,3.78,0.06,0.23,1,0.23,11.4,0.01989,27,0.000737,0.74,5.16,22.1
Wade Dry,2,4/12/2023,5/9/2023,,0.06,0.06,0.06,0,1,0,11.4,0.00034,27,0.000012,0.01,0.09,0.37
Wade Wet,1,4/12/2023,5/9/2023,,0.38,0.38,0.06,0.02,1,0.02,11.4,0.00201,27,0.000075,0.07,0.52,2.24
Hungerford Wet,1,4/12/2023,5/9/2023,,0.82,0.82,0.06,0.05,1,0.05,11.4,0.00429,27,0.000159,0.16,1.11,4.77
Wade Wet,8,4/12/2023,5/9/2023,,-0.03,-0.03,0.06,0,1,0,11.4,-0.00017,27,-0.000006,-0.01,-0.04,-0.19
Wade Dry,1,4/12/2023,5/9/2023,,-0.14,-0.14,0.06,-0.01,1,-0.01,11.4,-0.00072,27,-0.000027,-0.03,-0.19,-0.8
Wade Dry,4,4/12/2023,5/9/2023,,-0.07,-0.07,0.06,0,1,0,11.4,-0.00034,27,-0.000013,-0.01,-0.09,-0.38
Wade Dry,3,4/12/2023,5/9/2023,,-0.15,-0.15,0.06,-0.01,1,-0.01,11.4,-0.00078,27,-0.000029,-0.03,-0.2,-0.87
Hungerford Wet,3,4/12/2023,5/9/2023,,0.81,0.81,0.06,0.05,1,0.05,11.4,0.00425,27,0.000157,0.16,1.1,4.72
Wade Wet,7,4/12/2023,5/9/2023,,0.03,0.03,0.06,0,1,0,11.4,0.00016,27,0.000006,0.01,0.04,0.18
Hungerford Dry,1,4/12/2023,5/9/2023,,3.46,3.46,0.06,0.21,1,0.21,11.4,0.0182,27,0.000674,0.67,4.72,20.23
Wade Wet,5,4/12/2023,5/9/2023,,0.06,0.06,0.06,0,1,0,11.4,0.00034,27,0.000012,0.01,0.09,0.37
Wade Dry,5,4/12/2023,5/9/2023,,-0.12,-0.12,0.06,-0.01,1,-0.01,11.4,-0.00064,27,-0.000024,-0.02,-0.17,-0.72
Hungerford Wet,5,4/12/2023,5/9/2023,,-0.02,-0.02,0.06,0,1,0,11.4,-0.00008,27,-0.000003,0,-0.02,-0.09
Hungerford Dry,1,5/9/2023,6/21/2023,,0.575748,0.575748,0.06,0.03454485,1,0.03454485,11.4,0.00303,43,0.0000704709,0.07,0.493296512,2.114127907
Hungerford Wet,1,5/9/2023,6/21/2023,,0.185908,0.185908,0.06,0.01115448,1,0.01115448,11.4,0.00098,43,0.000022755,0.023,0.1592847,0.682648715
Hungerford Wet,2,5/9/2023,6/21/2023,,0.184099,0.184099,0.06,0.01104594,1,0.01104594,11.4,0.00097,43,0.0000225335,0.023,0.157734761,0.67600612
Hungerford Wet,3,5/9/2023,6/21/2023,,0.165004,0.165004,0.06,0.00990024,1,0.00990024,11.4,0.00087,43,0.0000201963,0.02,0.141374296,0.605889841
Hungerford Wet,5,5/9/2023,6/21/2023,,0.327513,0.327513,0.06,0.01965075,1,0.01965075,11.4,0.00172,43,0.0000400872,0.04,0.280610465,1.202616279
Wade Dry,1,5/9/2023,6/21/2023,,0.165155,0.165155,0.06,0.00990929,1,0.00990929,11.4,0.00087,43,0.0000202148,0.02,0.141503458,0.60644339
Wade Dry,2,5/9/2023,6/21/2023,,0.235706,0.235706,0.06,0.01414235,1,0.01414235,11.4,0.00124,43,0.0000288502,0.029,0.201951071,0.86550459
Wade Dry,3,5/9/2023,6/21/2023,,0.204651,0.204651,0.06,0.01227908,1,0.01227908,11.4,0.00108,43,0.0000250491,0.025,0.175343788,0.751473378
Wade Dry,4,5/9/2023,6/21/2023,,0.35103,0.35103,0.06,0.02106177,1,0.02106177,11.4,0.00185,43,0.0000429657,0.043,0.30075967,1.288970012
Wade Dry,5,5/9/2023,6/21/2023,,0.341985,0.341985,0.06,0.02051907,1,0.02051907,11.4,0.0018,43,0.0000418586,0.042,0.293009976,1.255757038
Wade Wet,1,5/9/2023,6/21/2023,,0.1742,0.1742,0.06,0.01045199,1,0.01045199,11.4,0.00092,43,0.0000213219,0.021,0.149253152,0.639656365
Wade Wet,5,5/9/2023,6/21/2023,,0.354648,0.354648,0.06,0.02127885,1,0.02127885,11.4,0.00187,43,0.0000434085,0.043,0.303859547,1.302255202
Wade Wet,6,5/9/2023,6/21/2023,,0.670167,0.670167,0.06,0.04021004,1,0.04021004,11.4,0.00353,43,0.0000820278,0.082,0.574194706,2.460834455
Wade Wet,7,5/9/2023,6/21/2023,,0.195556,0.195556,0.06,0.01173336,1,0.01173336,11.4,0.00103,43,0.0000239359,0.024,0.16755104,0.718075887
Wade Wet,8,5/9/2023,6/21/2023,,0.162693,0.162693,0.06,0.00976155,1,0.00976155,11.4,0.00086,43,0.0000199134,0.02,0.139393819,0.597402081
Hungerford Dry,1,6/21/2023,7/20/2023,,0.347295,0.347295,0.06,0.02083768,1,0.02083768,11.4,0.00183,29,0.0000630299,0.063,0.441209111,1.890896189
Hungerford Wet,1,6/21/2023,7/20/2023,,0.518576,0.518576,0.06,0.03111457,1,0.03111457,11.4,0.00273,29,0.0000941155,0.094,0.65880824,2.823463884
Hungerford Wet,2,6/21/2023,7/20/2023,,0.533944,0.533944,0.06,0.03203663,1,0.03203663,11.4,0.00281,29,0.0000969045,0.097,0.678331506,2.907135027
Hungerford Wet,5,6/21/2023,7/20/2023,,0.86017,0.86017,0.06,0.05161018,1,0.05161018,11.4,0.00453,29,0.000156111,0.156,1.092774446,4.683319056
Wade Dry,4,6/21/2023,7/20/2023,,0.393323,0.393323,0.06,0.02359937,1,0.02359937,11.4,0.00207,29,0.0000713834,0.071,0.499684138,2.141503448
Wade Dry,5,6/21/2023,7/20/2023,,0.327376,0.327376,0.06,0.01964258,1,0.01964258,11.4,0.00172,29,0.000059415,0.059,0.415904682,1.782448639
Wade Wet,1,6/21/2023,7/20/2023,,0.3276,0.3276,0.06,0.01965601,1,0.01965601,11.4,0.00172,29,0.0000594556,0.059,0.416189002,1.783667151
Wade Wet,5,6/21/2023,7/20/2023,,0.388399,0.388399,0.06,0.02330395,1,0.02330395,11.4,0.00204,29,0.0000704899,0.07,0.493429111,2.114696189
Wade Wet,6,6/21/2023,7/20/2023,,0.544761,0.544761,0.06,0.03268565,1,0.03268565,11.4,0.00287,29,0.0000988677,0.099,0.692073612,2.966029764
Wade Wet,7,6/21/2023,7/20/2023,,0.319394,0.319394,0.06,0.01916365,1,0.01916365,11.4,0.00168,29,0.0000579663,0.058,0.405763956,1.738988385
Wade Wet,8,6/21/2023,7/20/2023,,0.523798,0.523798,0.06,0.03142789,1,0.03142789,11.4,0.00276,29,0.0000950632,0.095,0.665442359,2.851895826
Hungerford Dry,1,7/20/2023,8/31/2023,,0.839415,0.839415,0.06,0.05036488,1,0.05036488,11.4,0.00442,42,0.00010519,0.105,0.736328659,3.155694253
Hungerford Wet,1,7/20/2023,8/31/2023,,2.926074,2.926074,0.06,0.17556442,1,0.17556442,11.4,0.0154,42,0.000366676,0.367,2.566731348,11.0002772
Hungerford Wet,2,7/20/2023,8/31/2023,,2.582098,2.582098,0.06,0.15492588,1,0.15492588,11.4,0.01359,42,0.000323571,0.324,2.2649983,9.70713557
Hungerford Wet,3,7/20/2023,8/31/2023,,6.284113,6.284113,0.06,0.37704675,1,0.37704675,11.4,0.03307,42,0.000787483,0.787,5.51237939,23.6244831
Hungerford Wet,5,7/20/2023,8/31/2023,,2.070886,2.070886,0.06,0.12425314,1,0.12425314,11.4,0.0109,42,0.000259509,0.26,1.816566311,7.785284191
Wade Dry,1,7/20/2023,8/31/2023,,2.08989,2.08989,0.06,0.12539339,1,0.12539339,11.4,0.011,42,0.000261891,0.262,1.833236645,7.85672848
Wade Dry,2,7/20/2023,8/31/2023,,0.691182,0.691182,0.06,0.04147092,1,0.04147092,11.4,0.00364,42,0.0000866143,0.087,0.606300053,2.598428797
Wade Dry,3,7/20/2023,8/31/2023,,0.660775,0.660775,0.06,0.03964652,1,0.03964652,11.4,0.00348,42,0.0000828039,0.083,0.579627518,2.484117935
Wade Dry,4,7/20/2023,8/31/2023,,4.051121,4.051121,0.06,0.24306727,1,0.24306727,11.4,0.02132,42,0.000507659,0.508,3.553615129,15.22977912
Wade Dry,5,7/20/2023,8/31/2023,,0.242683,0.242683,0.06,0.014561,1,0.014561,11.4,0.00128,42,0.0000304115,0.03,0.212880167,0.912343573
Wade Wet,1,7/20/2023,8/31/2023,,0.189472,0.189472,0.06,0.0113683,1,0.0113683,11.4,0.001,42,0.0000237433,0.024,0.166203231,0.712299563
Wade Wet,5,7/20/2023,8/31/2023,,2.194413,2.194413,0.06,0.13166477,1,0.13166477,11.4,0.01155,42,0.000274989,0.275,1.924923483,8.249672071
Wade Wet,6,7/20/2023,8/31/2023,,4.389396,4.389396,0.06,0.26336374,1,0.26336374,11.4,0.0231,42,0.00055005,0.55,3.850347076,16.50148747
Wade Wet,7,7/20/2023,8/31/2023,,7.838655,7.838655,0.06,0.47031927,1,0.47031927,11.4,0.04126,42,0.000982288,0.982,6.876012723,29.46862595
Wade Wet,8,7/20/2023,8/31/2023,,4.144242,4.144242,0.06,0.2486545,1,0.2486545,11.4,0.02181,42,0.000519329,0.519,3.635299766,15.57985614
Hungerford Dry,1,8/31/2023,10/12/2023,,0.054038,0.054038,0.06,0.0032423,1,0.0032423,11.4,0.00028,42,0.00000677173,0.007,0.047402105,0.20315188
Hungerford Wet,1,8/31/2023,10/12/2023,,0.049769,0.049769,0.06,0.00298611,1,0.00298611,11.4,0.00026,42,0.00000623665,0.006,0.043656579,0.187099624
Hungerford Wet,2,8/31/2023,10/12/2023,,0.049949,0.049949,0.06,0.00299695,1,0.00299695,11.4,0.00026,42,0.00000625929,0.006,0.043815,0.187778571
Hungerford Wet,3,8/31/2023,10/12/2023,,0.049622,0.049622,0.06,0.00297734,1,0.00297734,11.4,0.00026,42,0.00000621833,0.006,0.043528333,0.18655
Hungerford Wet,5,8/31/2023,10/12/2023,,0.049463,0.049463,0.06,0.00296779,1,0.00296779,11.4,0.00026,42,0.0000061984,0.006,0.043388772,0.18595188
Wade Dry,1,8/31/2023,10/12/2023,,0.0524,0.0524,0.06,0.00314401,1,0.003144006,11.4,0.00028,42,0.00000656643,0.007,0.045965,0.196992857
Wade Dry,2,8/31/2023,10/12/2023,,0.049988,0.049988,0.06,0.00299927,1,0.002999268,11.4,0.00026,42,0.00000626414,0.006,0.043848947,0.18792406
Wade Dry,3,8/31/2023,10/12/2023,,0.049291,0.049291,0.06,0.00295747,1,0.002957472,11.4,0.00026,42,0.00000617684,0.006,0.043237895,0.185305263
Wade Dry,4,8/31/2023,10/12/2023,,0.050095,0.050095,0.06,0.00300572,1,0.003005718,11.4,0.00026,42,0.00000627761,0.006,0.043943246,0.188328195
Wade Dry,5,8/31/2023,10/12/2023,,0.049485,0.049485,0.06,0.00296908,1,0.002969082,11.4,0.00026,42,0.00000620109,0.006,0.043407632,0.186032707
Wade Wet,1,8/31/2023,10/12/2023,,0.049373,0.049373,0.06,0.00296237,1,0.002962374,11.4,0.00026,42,0.00000618708,0.006,0.043309561,0.185612406
Wade Wet,5,8/31/2023,10/12/2023,,0.05031,0.05031,0.06,0.00301862,1,0.003018618,11.4,0.00026,42,0.00000630455,0.006,0.044131842,0.189136466
Wade Wet,6,8/31/2023,10/12/2023,,0.050018,0.050018,0.06,0.00300107,1,0.003001074,11.4,0.00026,42,0.00000626791,0.006,0.043875351,0.188037218
Wade Wet,7,8/31/2023,10/12/2023,,0.054094,0.054094,0.06,0.00324566,1,0.003245658,11.4,0.00028,42,0.00000677873,0.007,0.04745114,0.20336203
Wade Wet,8,8/31/2023,10/12/2023,,0.049334,0.049334,0.06,0.00296005,1,0.002960052,11.4,0.00026,42,0.00000618223,0.006,0.043275614,0.185466917
Hungerford Dry,1,10/12/2023,11/21/2023,,0.145007,0.145007,0.06,0.00870039,1,0.00870039,11.4,0.00076,40,0.0000190798,0.019,0.133558618,0.572394079
Hungerford Wet,1,10/12/2023,11/21/2023,,0.103291,0.103291,0.06,0.00619744,1,0.00619744,11.4,0.00054,40,0.0000135909,0.014,0.09513614,0.407726316
Hungerford Wet,2,10/12/2023,11/21/2023,,0.091539,0.091539,0.06,0.00549232,1,0.00549232,11.4,0.00048,40,0.0000120446,0.012,0.08431193,0.361336842
Hungerford Wet,3,10/12/2023,11/21/2023,,0.089938,0.089938,0.06,0.00539627,1,0.00539627,11.4,0.00047,40,0.0000118339,0.012,0.082837478,0.355017763
Hungerford Wet,5,10/12/2023,11/21/2023,,0.108395,0.108395,0.06,0.00650367,1,0.00650367,11.4,0.00057,40,0.0000142624,0.014,0.099837039,0.427873026
Wade Dry,1,10/12/2023,11/21/2023,,0.0891845,0.089185,0.06,0.00535107,1,0.00535107,11.4,0.00047,40,0.0000117348,0.012,0.082143618,0.352044079
Wade Dry,2,10/12/2023,11/21/2023,,0.0887325,0.088733,0.06,0.00532395,1,0.00532395,11.4,0.00047,40,0.0000116753,0.012,0.081727303,0.350259868
Wade Dry,3,10/12/2023,11/21/2023,,0.089033833,0.089034,0.06,0.00534203,1,0.00534203,11.4,0.00047,40,0.000011715,0.012,0.082004846,0.351449342
Wade Dry,4,10/12/2023,11/21/2023,,0.089241,0.089241,0.06,0.00535446,1,0.00535446,11.4,0.00047,40,0.0000117422,0.012,0.082195658,0.352267105
Wade Dry,5,10/12/2023,11/21/2023,,0.089222167,0.089222,0.06,0.00535333,1,0.00535333,11.4,0.00047,40,0.0000117398,0.012,0.082178311,0.352192763
Wade Wet,1,10/12/2023,11/21/2023,,0.089335167,0.089335,0.06,0.00536011,1,0.00536011,11.4,0.00047,40,0.0000117546,0.012,0.08228239,0.352638816
Wade Wet,5,10/12/2023,11/21/2023,,0.090239167,0.090239,0.06,0.00541435,1,0.00541435,11.4,0.00047,40,0.0000118736,0.012,0.083115022,0.356207237
Wade Wet,6,10/12/2023,11/21/2023,,0.092725167,0.092725,0.06,0.00556351,1,0.00556351,11.4,0.00049,40,0.0000122007,0.012,0.085404759,0.366020395
Wade Wet,7,10/12/2023,11/21/2023,,0.089203333,0.089203,0.06,0.0053522,1,0.0053522,11.4,0.00047,40,0.0000117373,0.012,0.082160965,0.352118421
Wade Wet,8,10/12/2023,11/21/2023,,0.088600667,0.088601,0.06,0.00531604,1,0.00531604,11.4,0.00047,40,0.000011658,0.012,0.081605877,0.349739474
Hungerford Dry,1,11/21/2023,12/20/2023,,0.0909996,0.091,0.06,0.005459976,1,0.005459976,11.4,0.00048,29,0.0000165154,0.017,0.115607477,0.495460617
Hungerford Wet,1,11/21/2023,12/20/2023,,0.0980052,0.098005,0.06,0.005880312,1,0.005880312,11.4,0.00052,29,0.0000177868,0.018,0.124507514,0.53360363
Hungerford Wet,2,11/21/2023,12/20/2023,,0.091092267,0.091092,0.06,0.005465536,1,0.005465536,11.4,0.00048,29,0.0000165322,0.017,0.115725203,0.495965154
Hungerford Wet,3,11/21/2023,12/20/2023,,0.085680533,0.085681,0.06,0.005140832,1,0.005140832,11.4,0.00045,29,0.00001555,0.016,0.108850042,0.466500181
Hungerford Wet,5,11/21/2023,12/20/2023,,0.098172,0.098172,0.06,0.00589032,1,0.00589032,11.4,0.00052,29,0.0000178171,0.018,0.124719419,0.534511797
Wade Dry,1,11/21/2023,12/19/2023,,0.086403333,0.086403,0.06,0.0051842,1,0.0051842,11.4,0.00045,28,0.0000162412,0.016,0.113688596,0.487236842
Wade Dry,2,11/21/2023,12/19/2023,,0.083808667,0.083809,0.06,0.00502852,1,0.00502852,11.4,0.00044,28,0.0000157535,0.016,0.110274561,0.472605263
Wade Dry,3,11/21/2023,12/19/2023,,0.0899432,0.089943,0.06,0.005396592,1,0.005396592,11.4,0.00047,28,0.0000169066,0.017,0.118346316,0.507198496
Wade Dry,4,11/21/2023,12/19/2023,,0.083345333,0.083345,0.06,0.00500072,1,0.00500072,11.4,0.00044,28,0.0000156664,0.016,0.109664912,0.469992481
Wade Dry,5,11/21/2023,12/19/2023,,0.083753067,0.083753,0.06,0.005025184,1,0.005025184,11.4,0.00044,28,0.0000157431,0.016,0.110201404,0.472291729
Wade Wet,1,11/21/2023,12/19/2023,,0.0837716,0.083772,0.06,0.005026296,1,0.005026296,11.4,0.00044,28,0.0000157465,0.016,0.110225789,0.472396241
Wade Wet,5,11/21/2023,12/19/2023,,0.0844944,0.084494,0.06,0.005069664,1,0.005069664,11.4,0.00044,28,0.0000158824,0.016,0.111176842,0.47647218
Wade Wet,6,11/21/2023,12/19/2023,,0.087886,0.087886,0.06,0.00527316,1,0.00527316,11.4,0.00046,28,0.0000165199,0.017,0.115639474,0.495597744
Wade Wet,7,11/21/2023,12/19/2023,,0.0835492,0.083549,0.06,0.005012952,1,0.005012952,11.4,0.00044,28,0.0000157047,0.016,0.109933158,0.471142105
Wade Wet,8,11/21/2023,12/19/2023,,0.084179333,0.084179,0.06,0.00505076,1,0.00505076,11.4,0.00044,28,0.0000158232,0.016,0.110762281,0.474695489
Hungerford Dry,1,12/20/2023,1/25/2024,,0.1346912,0.134691,0.06,0.008081472,1,0.008081472,11.4,0.00071,36,0.0000196917,0.02,0.137841871,0.590750877
Hungerford Wet,1,12/20/2023,1/25/2024,,0.302530667,0.302531,0.06,0.01815184,1,0.01815184,11.4,0.00159,36,0.0000442296,0.044,0.309607407,1.326888889
Hungerford Wet,2,12/20/2023,1/25/2024,,0.2310908,0.231091,0.06,0.013865448,1,0.013865448,11.4,0.00122,36,0.0000337852,0.034,0.236496433,1.01355614
Hungerford Wet,3,12/20/2023,1/25/2024,,0.1656452,0.165645,0.06,0.009938712,1,0.009938712,11.4,0.00087,36,0.0000242171,0.024,0.169519942,0.726514035
Wade Dry,1,12/19/2023,1/22/2024,,0.116904933,0.116905,0.06,0.007014296,1,0.007014296,11.4,0.00062,34,0.0000180967,0.018,0.126677172,0.542902167
Wade Dry,2,12/19/2023,1/22/2024,,0.105604267,0.105604,0.06,0.006336256,1,0.006336256,11.4,0.00056,34,0.0000163474,0.016,0.114431868,0.490422291
Wade Dry,3,12/19/2023,1/22/2024,,0.117985867,0.117986,0.06,0.007079152,1,0.007079152,11.4,0.00062,34,0.0000182641,0.018,0.127848462,0.547921981
Wade Dry,4,12/19/2023,1/22/2024,,0.112679467,0.112679,0.06,0.006760768,1,0.006760768,11.4,0.00059,34,0.0000174426,0.017,0.122098493,0.523279257
Wade Dry,5,12/19/2023,1/22/2024,,0.113269067,0.113269,0.06,0.006796144,1,0.006796144,11.4,0.0006,34,0.0000175339,0.018,0.122737379,0.526017337
Wade Wet,1,12/19/2023,1/22/2024,,0.109928,0.109928,0.06,0.00659568,1,0.00659568,11.4,0.00058,34,0.0000170167,0.017,0.119117028,0.510501548
Wade Wet,5,12/19/2023,1/22/2024,,0.164367733,0.164368,0.06,0.009862064,1,0.009862064,11.4,0.00087,34,0.0000254439,0.025,0.178107451,0.763317647
Wade Wet,6,12/19/2023,1/22/2024,,0.1597492,0.159749,0.06,0.009584952,1,0.009584952,11.4,0.00084,34,0.000024729,0.025,0.173102848,0.74186935
Wade Wet,7,12/19/2023,1/22/2024,,0.1063904,0.10639,0.06,0.006383424,1,0.006383424,11.4,0.00056,34,0.0000164691,0.016,0.115283715,0.494073065
Wade Wet,8,12/19/2023,1/22/2024,,0.116511867,0.116512,0.06,0.006990712,1,0.006990712,11.4,0.00061,34,0.0000180359,0.018,0.126251249,0.54107678
Hungerford Dry,1,1/25/2024,2/28/2024,,0.174676,0.174676,0.06,0.01048056,1,0.01048056,11.4,0.00092,34,0.0000270396,0.027,0.189277399,0.811188854
Hungerford Dry,2,1/25/2024,2/28/2024,,0.17608,0.17608,0.06,0.0105648,1,0.0105648,11.4,0.00093,34,0.000027257,0.027,0.190798762,0.817708978
Hungerford Wet,1,1/25/2024,2/28/2024,,0.274576,0.274576,0.06,0.01647456,1,0.01647456,11.4,0.00145,34,0.000042504,0.043,0.297528173,1.275120743
Hungerford Wet,2,1/25/2024,2/28/2024,,0.281812,0.281812,0.06,0.01690872,1,0.01690872,11.4,0.00148,34,0.0000436241,0.044,0.30536904,1.308724458
Hungerford Wet,3,1/25/2024,2/28/2024,,0.26518,0.26518,0.06,0.0159108,1,0.0159108,11.4,0.0014,34,0.0000410495,0.041,0.287346749,1.231486068
Hungerford Wet,5,1/25/2024,2/28/2024,,0.697936,0.697936,0.06,0.04187616,1,0.04187616,11.4,0.00367,34,0.00010804,0.108,0.756277399,3.241188854
Wade Dry,1,1/22/2024,2/28/2024,,0.158692,0.158692,0.06,0.00952152,1,0.00952152,11.4,0.00084,37,0.0000225735,0.023,0.158014794,0.677206259
Wade Dry,2,1/22/2024,2/28/2024,,0.159556,0.159556,0.06,0.00957336,1,0.00957336,11.4,0.00084,37,0.0000226964,0.023,0.158875107,0.680893314
Wade Dry,3,1/22/2024,2/28/2024,,0.150268,0.150268,0.06,0.00901608,1,0.00901608,11.4,0.00079,37,0.0000213752,0.021,0.149626743,0.641257468
Wade Dry,4,1/22/2024,2/28/2024,,0.174028,0.174028,0.06,0.01044168,1,0.01044168,11.4,0.00092,37,0.000024755,0.025,0.173285349,0.742651494
Wade Dry,5,1/22/2024,2/28/2024,,0.150808,0.150808,0.06,0.00904848,1,0.00904848,11.4,0.00079,37,0.0000214521,0.021,0.150164438,0.643561878
Wade Wet,1,1/22/2024,2/28/2024,,0.154048,0.154048,0.06,0.00924288,1,0.00924288,11.4,0.00081,37,0.0000219129,0.022,0.153390612,0.657388336
Wade Wet,6,1/22/2024,2/28/2024,,0.264748,0.264748,0.06,0.01588488,1,0.01588488,11.4,0.00139,37,0.0000376597,0.038,0.263618208,1.129792319
Wade Wet,7,1/22/2024,2/28/2024,,0.16798,0.16798,0.06,0.0100788,1,0.0100788,11.4,0.00088,37,0.0000238947,0.024,0.167263158,0.716842105
Wade Wet,8,1/22/2024,2/28/2024,,0.152212,0.152212,0.06,0.00913272,1,0.00913272,11.4,0.0008,37,0.0000216518,0.022,0.151562447,0.649553343
Hungerford Dry,1,2/28/2024,4/1/2024,,0.0897804,0.08978,0.06,0.005386824,1,0.005386824,11.4,0.00047,33,0.000014319,0.014,0.100233301,0.429571292
Wade Dry,1,2/28/2024,3/27/2024,,0.0900411,0.090041,0.06,0.005402466,1,0.005402466,11.4,0.00047,28,0.000016925,0.017,0.118475132,0.507750564
Wade Dry,2,2/28/2024,3/27/2024,,0.090330767,0.090331,0.06,0.005419846,1,0.005419846,11.4,0.00048,28,0.0000169795,0.017,0.118856272,0.509384023
Wade Dry,3,2/28/2024,3/27/2024,,0.0895197,0.08952,0.06,0.005371182,1,0.005371182,11.4,0.00047,28,0.000016827,0.017,0.117789079,0.504810338
Wade Dry,4,2/28/2024,3/27/2024,,0.089925233,0.089925,0.06,0.005395514,1,0.005395514,11.4,0.00047,28,0.0000169032,0.017,0.118322675,0.50709718
Wade Dry,5,2/28/2024,3/27/2024,,0.0890852,0.089085,0.06,0.005345112,1,0.005345112,11.4,0.00047,28,0.0000167453,0.017,0.117217368,0.50236015
Wade Wet,1,2/28/2024,3/27/2024,,0.0896066,0.089607,0.06,0.005376396,1,0.005376396,11.4,0.00047,28,0.0000168433,0.017,0.117903421,0.505300376
Wade Wet,6,2/28/2024,3/27/2024,,0.098586267,0.098586,0.06,0.005915176,1,0.005915176,11.4,0.00052,28,0.0000185313,0.019,0.129718772,0.555937594
Wade Wet,7,2/28/2024,3/27/2024,,0.090794233,0.090794,0.06,0.005447654,1,0.005447654,11.4,0.00048,28,0.0000170666,0.017,0.119466096,0.511997556
Wade Wet,8,2/28/2024,3/27/2024,,0.089809367,0.089809,0.06,0.005388562,1,0.005388562,11.4,0.00047,28,0.0000168815,0.017,0.118170219,0.506443797
Hungerford Dry,1,4/1/2024,5/15/2024,,0.0994134,0.099413,0.06,0.005964804,1,0.005964804,11.4,0.00052,44,0.0000118916,0.012,0.083240885,0.356746651
Hungerford Dry,2,4/1/2024,5/15/2024,,0.0889993,0.088999,0.06,0.005339958,1,0.005339958,11.4,0.00047,44,0.0000106458,0.011,0.074520945,0.319375478
Hungerford Wet,1,4/1/2024,5/15/2024,,0.086244,0.086244,0.06,0.00517464,1,0.00517464,11.4,0.00045,44,0.0000103163,0.01,0.072213876,0.309488038
Hungerford Wet,2,4/1/2024,5/15/2024,,0.0988997,0.0989,0.06,0.005933982,1,0.005933982,11.4,0.00052,44,0.0000118301,0.012,0.082810754,0.35490323
Hungerford Wet,3,4/1/2024,5/15/2024,,0.1181868,0.118187,0.06,0.007091208,1,0.007091208,11.4,0.00062,44,0.0000141372,0.014,0.098960239,0.424115311
Hungerford Wet,5,4/1/2024,5/15/2024,,0.3518269,0.351827,0.06,0.021109614,1,0.021109614,11.4,0.00185,44,0.0000420846,0.042,0.294591902,1.262536722
Wade Dry,1,3/27/2024,5/15/2024,,0.086399667,0.0864,0.06,0.00518398,1,0.00518398,11.4,0.00045,49,0.00000928031,0.009,0.064962155,0.278409237
Wade Dry,2,3/27/2024,5/15/2024,,0.084126933,0.084127,0.06,0.005047616,1,0.005047616,11.4,0.00044,49,0.00000903619,0.009,0.063253333,0.271085714
Wade Dry,3,3/27/2024,5/15/2024,,0.0847496,0.08475,0.06,0.005084976,1,0.005084976,11.4,0.00045,49,0.00000910307,0.009,0.063721504,0.273092159
Wade Dry,4,3/27/2024,5/15/2024,,0.0832552,0.083255,0.06,0.004995312,1,0.004995312,11.4,0.00044,49,0.00000894256,0.009,0.062597895,0.268276692
Wade Dry,5,3/27/2024,5/15/2024,,0.0826014,0.082601,0.06,0.004956084,1,0.004956084,11.4,0.00043,49,0.00000887233,0.009,0.062106316,0.266169925
Wade Wet,1,3/27/2024,5/15/2024,,0.080577733,0.080578,0.06,0.004834664,1,0.004834664,11.4,0.00042,49,0.00000865497,0.009,0.060584762,0.25964898
Wade Wet,6,3/27/2024,5/15/2024,,0.090571533,0.090572,0.06,0.005434292,1,0.005434292,11.4,0.00048,49,0.00000972841,0.01,0.068098897,0.291852417
Wade Wet,7,3/27/2024,5/15/2024,,0.088547867,0.088548,0.06,0.005312872,1,0.005312872,11.4,0.00047,49,0.00000951105,0.01,0.066577343,0.285331472
Wade Wet,8,3/27/2024,5/15/2024,,0.0810136,0.081014,0.06,0.004860816,1,0.004860816,11.4,0.00043,49,0.00000870178,0.009,0.060912481,0.261053491
Hungerford Dry,1,5/15/2024,6/14/2024,,0.2875792,0.287579,0.06,0.017254752,1,0.017254752,11.4,0.00151,30,0.0000504525,0.05,0.353167439,1.513574737
Hungerford Dry,2,5/15/2024,6/14/2024,,0.290602133,0.290602,0.06,0.017436128,1,0.017436128,11.4,0.00153,30,0.0000509828,0.051,0.356879813,1.529484912
Hungerford Wet,1,5/15/2024,6/14/2024,,0.2973968,0.297397,0.06,0.017843808,1,0.017843808,11.4,0.00157,30,0.0000521749,0.052,0.36522414,1.565246316
Hungerford Wet,2,5/15/2024,6/14/2024,,0.302527467,0.302527,0.06,0.018151648,1,0.018151648,11.4,0.00159,30,0.000053075,0.053,0.371524959,1.592249825
Hungerford Wet,3,5/15/2024,6/14/2024,,0.288771733,0.288772,0.06,0.017326304,1,0.017326304,11.4,0.00152,30,0.0000506617,0.051,0.354631953,1.519851228
Hungerford Wet,5,5/15/2024,6/14/2024,,0.289021333,0.289021,0.06,0.01734128,1,0.01734128,11.4,0.00152,30,0.0000507055,0.051,0.35493848,1.521164912
Wade Dry,1,5/15/2024,6/14/2024,,0.300419733,0.30042,0.06,0.018025184,1,0.018025184,11.4,0.00158,30,0.0000527052,0.053,0.368936515,1.581156491
Wade Dry,2,5/15/2024,6/14/2024,,0.288744,0.288744,0.06,0.01732464,1,0.01732464,11.4,0.00152,30,0.0000506568,0.051,0.354597895,1.519705263
Wade Dry,3,5/15/2024,6/14/2024,,0.296370667,0.296371,0.06,0.01778224,1,0.01778224,11.4,0.00156,30,0.0000519949,0.052,0.363963977,1.559845614
Wade Dry,4,5/15/2024,6/14/2024,,0.2915728,0.291573,0.06,0.017494368,1,0.017494368,11.4,0.00153,30,0.0000511531,0.051,0.35807186,1.534593684
Wade Dry,5,5/15/2024,6/14/2024,,0.327321067,0.327321,0.06,0.019639264,1,0.019639264,11.4,0.00172,30,0.0000574247,0.057,0.40197324,1.722742456
Wade Wet,1,5/15/2024,6/14/2024,,0.288133867,0.288134,0.06,0.017288032,1,0.017288032,11.4,0.00152,30,0.0000505498,0.051,0.353848608,1.516494035
Wade Wet,6,5/15/2024,6/14/2024,,0.297341333,0.297341,0.06,0.01784048,1,0.01784048,11.4,0.00156,30,0.0000521651,0.052,0.365156023,1.564954386
Wade Wet,7,5/15/2024,6/14/2024,,0.2859152,0.285915,0.06,0.017154912,1,0.017154912,11.4,0.0015,30,0.0000501606,0.05,0.35112393,1.504816842
Wade Wet,8,5/15/2024,6/14/2024,,0.287884267,0.287884,0.06,0.017273056,1,0.017273056,11.4,0.00152,30,0.000050506,0.051,0.353542082,1.515180351
Hungerford Dry,1,6/14/2024,7/22/2024,,0.36261,0.36261,0.06,0.0217566,1,0.0217566,11.4,0.00191,38,0.000050223,0.05,0.351560942,1.506689751
Hungerford Dry,2,6/14/2024,7/22/2024,,0.2652036,0.265204,0.06,0.015912216,1,0.015912216,11.4,0.0014,38,0.0000367318,0.037,0.257122604,1.101954017
Hungerford Wet,1,6/14/2024,7/22/2024,,0.271120533,0.271121,0.06,0.016267232,1,0.016267232,11.4,0.00143,38,0.0000375513,0.038,0.262859243,1.126539612
Hungerford Wet,2,6/14/2024,7/22/2024,,0.292201467,0.292201,0.06,0.017532088,1,0.017532088,11.4,0.00154,38,0.0000404711,0.04,0.283297821,1.214133518
Hungerford Wet,3,6/14/2024,7/22/2024,,0.265619867,0.26562,0.06,0.015937192,1,0.015937192,11.4,0.0014,38,0.0000367895,0.037,0.257526187,1.103683657
Hungerford Wet,5,6/14/2024,7/22/2024,,0.266036133,0.266036,0.06,0.015962168,1,0.015962168,11.4,0.0014,38,0.0000368471,0.037,0.257929769,1.105413296
Wade Dry,1,6/14/2024,7/22/2024,,0.268058,0.268058,0.06,0.01608348,1,0.01608348,11.4,0.00141,38,0.0000371271,0.037,0.259890028,1.113814404
Wade Dry,2,6/14/2024,7/22/2024,,0.553795333,0.553795,0.06,0.03322772,1,0.03322772,11.4,0.00291,38,0.000076703,0.077,0.536920683,2.301088643
Wade Dry,3,6/14/2024,7/22/2024,,0.283192267,0.283192,0.06,0.016991536,1,0.016991536,11.4,0.00149,38,0.0000392233,0.039,0.274563139,1.176699169
Wade Dry,4,6/14/2024,7/22/2024,,0.263657467,0.263657,0.06,0.015819448,1,0.015819448,11.4,0.00139,38,0.0000365177,0.037,0.255623583,1.09552964
Wade Dry,5,6/14/2024,7/22/2024,,0.270347467,0.270347,0.06,0.016220848,1,0.016220848,11.4,0.00142,38,0.0000374442,0.037,0.262109732,1.123327424
Wade Wet,1,6/14/2024,7/22/2024,,0.26003,0.26003,0.06,0.0156018,1,0.0156018,11.4,0.00137,38,0.0000360152,0.036,0.252106648,1.080457064
Wade Wet,5,6/14/2024,7/22/2024,,0.288157733,0.288158,0.06,0.017289464,1,0.017289464,11.4,0.00152,38,0.000039911,0.04,0.279377304,1.197331302
Wade Wet,6,6/14/2024,7/22/2024,,0.278702533,0.278703,0.06,0.016722152,1,0.016722152,11.4,0.00147,38,0.0000386015,0.039,0.270210212,1.158043767
Wade Wet,7,6/14/2024,7/22/2024,,0.259881333,0.259881,0.06,0.01559288,1,0.01559288,11.4,0.00137,38,0.0000359946,0.036,0.251962512,1.079839335
Wade Wet,8,6/14/2024,7/22/2024,,0.261516667,0.261517,0.06,0.015691,1,0.015691,11.4,0.00138,38,0.0000362211,0.036,0.253548015,1.086634349
Hungerford Dry,1,7/22/2024,9/6/2024,,3.499636892,3.499637,0.06,0.209978214,1,0.209978214,11.4,0.01842,46,0.000400416,0.4,2.802912842,12.01248361
Hungerford Dry,2,7/22/2024,9/6/2024,,1.56063907,1.560639,0.06,0.093638344,1,0.093638344,11.4,0.00821,46,0.000178563,0.179,1.249939759,5.356884681
Hungerford Wet,1,7/22/2024,9/6/2024,,0.602033406,0.602033,0.06,0.036122004,1,0.036122004,11.4,0.00317,46,0.0000688825,0.069,0.482177785,2.066476222
Hungerford Wet,2,7/22/2024,9/6/2024,,2.290486565,2.290487,0.06,0.137429194,1,0.137429194,11.4,0.01206,46,0.000262069,0.262,1.834485807,7.862082031
Hungerford Wet,3,7/22/2024,9/6/2024,,1.371822803,1.371823,0.06,0.082309368,1,0.082309368,11.4,0.00722,46,0.000156959,0.157,1.098713916,4.708773924
Hungerford Wet,5,7/22/2024,9/6/2024,,0.779956427,0.779956,0.06,0.046797386,1,0.046797386,11.4,0.00411,46,0.0000892399,0.089,0.624679061,2.677195974
Wade Dry,1,7/22/2024,9/6/2024,,2.748002905,2.748003,0.06,0.164880174,1,0.164880174,11.4,0.01446,46,0.000314417,0.314,2.200917658,9.43250425
Wade Dry,2,7/22/2024,9/6/2024,,0.347857662,0.347858,0.06,0.02087146,1,0.02087146,11.4,0.00183,46,0.0000398006,0.04,0.278604534,1.194019433
Wade Dry,3,7/22/2024,9/6/2024,,1.117647059,1.117647,0.06,0.067058824,1,0.067058824,11.4,0.00588,46,0.000127877,0.128,0.895140665,3.836317136
Wade Dry,4,7/22/2024,9/6/2024,,0.602033406,0.602033,0.06,0.036122004,1,0.036122004,11.4,0.00317,46,0.0000688825,0.069,0.482177785,2.066476222
Wade Dry,5,7/22/2024,9/6/2024,,1.422657952,1.422658,0.06,0.085359477,1,0.085359477,11.4,0.00749,46,0.000162776,0.163,1.139428566,4.883265282
Wade Wet,1,7/22/2024,9/6/2024,,0.456790123,0.45679,0.06,0.027407407,1,0.027407407,11.4,0.0024,46,0.0000522643,0.052,0.365850213,1.567929486
Wade Wet,5,7/22/2024,9/6/2024,,2.068990559,2.068991,0.06,0.124139434,1,0.124139434,11.4,0.01089,46,0.000236727,0.237,1.65708626,7.101798258
Wade Wet,6,7/22/2024,9/6/2024,,3.100217865,3.100218,0.06,0.186013072,1,0.186013072,11.4,0.01632,46,0.000354716,0.355,2.48301202,10.64148009
Wade Wet,7,7/22/2024,9/6/2024,,0.69644154,0.696442,0.06,0.041786492,1,0.041786492,11.4,0.00367,46,0.0000796844,0.08,0.557790707,2.3905316
Wade Wet,8,7/22/2024,9/6/2024,,0.289760349,0.28976,0.06,0.017385621,1,0.017385621,11.4,0.00153,46,0.0000331534,0.033,0.232073506,0.994600739
Potash Dry,1,7/15/2024,8/28/2024,,74.42523506,74.425235,0.06,4.465514104,1,4.465514104,11.4,0.39171,44,0.00890254,8.903,62.31778055,267.0762024
Potash Dry,2,7/15/2024,8/28/2024,,25.88110403,25.881104,0.06,1.552866242,1,1.552866242,11.4,0.13622,44,0.003095826,3.096,21.67078089,92.87477524
Potash Dry,3,7/15/2024,8/28/2024,,1.099491649,1.099492,0.06,0.065969499,1,0.065969499,11.4,0.00579,44,0.000131518,0.132,0.920626978,3.945544193
Potash Dry,4,7/15/2024,8/28/2024,,2.893246187,2.893246,0.06,0.173594771,1,0.173594771,11.4,0.01523,44,0.000346082,0.346,2.422574559,10.38246239
Hungerford Dry,1,9/6/2024,10/8/2024,,0.978627672,0.978628,0.06,0.05871766,1,0.05871766,11.4,0.00515,32,0.000160958,0.161,1.12670949,4.828754958
Hungerford Dry,2,9/6/2024,10/8/2024,,82.44767971,82.44768,0.06,4.946860783,1,4.946860783,11.4,0.43394,32,0.013560474,13.56,94.92331545,406.8142091
Hungerford Wet,1,9/6/2024,10/8/2024,,1.200190885,1.200191,0.06,0.072011453,1,0.072011453,11.4,0.00632,32,0.0001974,0.197,1.381798717,5.921994499
Hungerford Wet,2,9/6/2024,10/8/2024,,230.6339096,230.63391,0.06,13.83803458,1,13.83803458,11.4,1.21386,32,0.037933209,37.933,265.5324617,1137.996265
Hungerford Wet,3,9/6/2024,10/8/2024,,0.828646419,0.828646,0.06,0.049718785,1,0.049718785,11.4,0.00436,32,0.000136291,0.136,0.954033706,4.088715884
Hungerford Wet,5,9/6/2024,10/8/2024,,3.344241061,3.344241,0.06,0.200654464,1,0.200654464,11.4,0.0176,32,0.00055004,0.55,3.850277537,16.50118944
Wade Dry,1,9/6/2024,10/8/2024,,0.988853666,0.988854,0.06,0.05933122,1,0.05933122,11.4,0.0052,32,0.00016264,0.163,1.138482839,4.879212168
Wade Dry,2,9/6/2024,10/8/2024,,0.395745986,0.395746,0.06,0.023744759,1,0.023744759,11.4,0.00208,32,0.0000650898,0.065,0.455628603,1.952694011
Wade Dry,3,9/6/2024,10/8/2024,,1.063844292,1.063844,0.06,0.063830658,1,0.063830658,11.4,0.0056,32,0.000174974,0.175,1.224820731,5.249231705
Wade Dry,4,9/6/2024,10/8/2024,,0.879776392,0.879776,0.06,0.052786583,1,0.052786583,11.4,0.00463,32,0.0001447,0.145,1.012900451,4.341001932
Wade Dry,5,9/6/2024,10/8/2024,,0.576405222,0.576405,0.06,0.034584313,1,0.034584313,11.4,0.00303,32,0.0000948035,0.095,0.663624433,2.844104714
Wade Wet,1,9/6/2024,10/8/2024,,0.480962607,0.480963,0.06,0.028857756,1,0.028857756,11.4,0.00253,32,0.0000791057,0.079,0.553739844,2.373170758
Wade Wet,5,9/6/2024,10/8/2024,,0.542318574,0.542319,0.06,0.032539114,1,0.032539114,11.4,0.00285,32,0.0000891971,0.089,0.624379937,2.675914016
Wade Wet,6,9/6/2024,10/8/2024,,0.995670996,0.995671,0.06,0.05974026,1,0.05974026,11.4,0.00524,32,0.000163762,0.164,1.146331738,4.912850308
Wade Wet,7,9/6/2024,10/8/2024,,0.337798684,0.337799,0.06,0.020267921,1,0.020267921,11.4,0.00178,32,0.000055559,0.056,0.388912959,1.666769824
Wade Wet,8,9/6/2024,10/8/2024,,0.849098408,0.849098,0.06,0.050945904,1,0.050945904,11.4,0.00447,32,0.000139654,0.14,0.977580404,4.189630303
Potash Dry,1,8/28/2024,10/18/2024,,1.060435627,1.060436,0.06,0.063626138,1,0.063626138,11.4,0.00558,51,0.000109436,0.109,0.766052569,3.283082438
Potash Dry,2,8/28/2024,10/18/2024,,18.26553672,18.265537,0.06,1.095932203,1,1.095932203,11.4,0.09613,51,0.001884988,1.885,13.19491817,56.5496493
Potash Dry,3,8/28/2024,10/18/2024,,0.828646419,0.828646,0.06,0.049718785,1,0.049718785,11.4,0.00436,51,0.0000855156,0.086,0.598609384,2.56546879
Potash Dry,4,8/28/2024,10/18/2024,,11.37505539,11.375055,0.06,0.682503323,1,0.682503323,11.4,0.05987,51,0.001173896,1.174,8.217274276,35.21688975
Hungerford Dry,1,10/8/2024,11/14/2024,,2.191489362,2.191489,0.06,0.131489362,1,0.131489362,11.4,0.01153,37,0.000311734,0.312,2.182137345,9.352017191
Hungerford Dry,2,10/8/2024,11/14/2024,,4.282485876,4.282486,0.06,0.256949153,1,0.256949153,11.4,0.02254,37,0.000609173,0.609,4.264210687,18.27518866
Hungerford Wet,1,10/8/2024,11/14/2024,,2.684397163,2.684397,0.06,0.16106383,1,0.16106383,11.4,0.01413,37,0.000381849,0.382,2.672941699,11.45546442
Hungerford Wet,2,10/8/2024,11/14/2024,,291.9017288,291.901729,0.06,17.51410373,1,17.51410373,11.4,1.53632,37,0.041522294,41.522,290.65606,1245.668829
Hungerford Wet,3,10/8/2024,11/14/2024,,3.024822695,3.024823,0.06,0.181489362,1,0.181489362,11.4,0.01592,37,0.000430273,0.43,3.01191449,12.90820496
Hungerford Wet,5,10/8/2024,11/14/2024,,1.971631206,1.971631,0.06,0.118297872,1,0.118297872,11.4,0.01038,37,0.00028046,0.28,1.963217417,8.413788929
Wade Dry,1,10/8/2024,11/14/2024,,0.237588652,0.237589,0.06,0.014255319,1,0.014255319,11.4,0.00125,37,0.0000337964,0.034,0.236574761,1.013891831
Wade Dry,2,10/8/2024,11/14/2024,,0.989361702,0.989362,0.06,0.059361702,1,0.059361702,11.4,0.00521,37,0.000140734,0.141,0.985139675,4.222027178
Wade Dry,3,10/8/2024,11/14/2024,,0.287234043,0.287234,0.06,0.017234043,1,0.017234043,11.4,0.00151,37,0.0000408583,0.041,0.286008293,1.225749826
Wade Dry,4,10/8/2024,11/14/2024,,1.361702128,1.361702,0.06,0.081702128,1,0.081702128,11.4,0.00717,37,0.000193699,0.194,1.355891166,5.810962138
Wade Dry,5,10/8/2024,11/14/2024,,0.783687943,0.783688,0.06,0.047021277,1,0.047021277,11.4,0.00412,37,0.000111478,0.111,0.780343613,3.344329772
Wade Wet,1,10/8/2024,11/14/2024,,1.138297872,1.138298,0.06,0.068297872,1,0.068297872,11.4,0.00599,37,0.00016192,0.162,1.133440271,4.857601162
Wade Wet,5,10/8/2024,11/14/2024,,1.127659574,1.12766,0.06,0.067659574,1,0.067659574,11.4,0.00594,37,0.000160407,0.16,1.122847371,4.81220302
Wade Wet,6,10/8/2024,11/14/2024,,1.358156028,1.358156,0.06,0.081489362,1,0.081489362,11.4,0.00715,37,0.000193194,0.193,1.352360199,5.795829424
Wade Wet,7,10/8/2024,11/14/2024,,0.15248227,0.152482,0.06,0.009148936,1,0.009148936,11.4,0.0008,37,0.0000216902,0.022,0.151831563,0.650706698
Wade Wet,8,10/8/2024,11/14/2024,,0.159574468,0.159574,0.06,0.009574468,1,0.009574468,11.4,0.00084,37,0.0000226991,0.023,0.158893496,0.680972126
Hungerford Dry,1,11/14/2024,12/17/2024,,1.943516309,1.943516,0.06,0.116610979,1,0.116610979,11.4,0.01023,33,0.000309971,0.31,2.169794922,9.299121094
Hungerford Dry,2,11/14/2024,12/17/2024,,7.762927605,7.762928,0.06,0.465775656,1,0.465775656,11.4,0.04086,33,0.001238106,1.238,8.666745333,37.14319428
Hungerford Wet,1,11/14/2024,12/17/2024,,1.279236277,1.279236,0.06,0.076754177,1,0.076754177,11.4,0.00673,33,0.000204025,0.204,1.428174472,6.120747736
Hungerford Wet,2,11/14/2024,12/17/2024,,15.51129944,15.511299,0.06,0.930677966,1,0.930677966,11.4,0.08164,33,0.002473891,2.474,17.3172402,74.21674371
Hungerford Wet,3,11/14/2024,12/17/2024,,8.980111376,8.980111,0.06,0.538806683,1,0.538806683,11.4,0.04726,33,0.001432235,1.432,10.02564268,42.96704008
Hungerford Wet,5,11/14/2024,12/17/2024,,0.913285601,0.913286,0.06,0.054797136,1,0.054797136,11.4,0.00481,33,0.00014566,0.146,1.019617098,4.369787563
Wade Dry,1,11/14/2024,12/17/2024,,0.312649165,0.312649,0.06,0.01875895,1,0.01875895,11.4,0.00165,33,0.0000498643,0.05,0.349050104,1.495929018
Wade Dry,2,11/14/2024,12/17/2024,,0.284805091,0.284805,0.06,0.017088305,1,0.017088305,11.4,0.0015,33,0.0000454235,0.045,0.317964217,1.362703787
Wade Dry,3,11/14/2024,12/17/2024,,0.412092283,0.412092,0.06,0.024725537,1,0.024725537,11.4,0.00217,33,0.0000657244,0.066,0.46007113,1.971733413
Wade Dry,4,11/14/2024,12/17/2024,,0.435958632,0.435959,0.06,0.026157518,1,0.026157518,11.4,0.00229,33,0.0000695309,0.07,0.486716176,2.085926467
Wade Dry,5,11/14/2024,12/17/2024,,0.30071599,0.300716,0.06,0.018042959,1,0.018042959,11.4,0.00158,33,0.0000479611,0.048,0.335727581,1.43883249
Wade Wet,1,11/14/2024,12/17/2024,,0.428003182,0.428003,0.06,0.025680191,1,0.025680191,11.4,0.00225,33,0.0000682621,0.068,0.477834494,2.047862116
Wade Wet,5,11/14/2024,12/17/2024,,0.658711217,0.658711,0.06,0.039522673,1,0.039522673,11.4,0.00347,33,0.000105058,0.105,0.735403273,3.151728312
Wade Wet,6,11/14/2024,12/17/2024,,0.817820207,0.81782,0.06,0.049069212,1,0.049069212,11.4,0.0043,33,0.000130434,0.13,0.913036914,3.913015344
Wade Wet,7,11/14/2024,12/17/2024,,0.372315036,0.372315,0.06,0.022338902,1,0.022338902,11.4,0.00196,33,0.0000593804,0.059,0.415662719,1.781411655
Wade Wet,8,11/14/2024,12/17/2024,,12.29096045,12.29096,0.06,0.737457627,1,0.737457627,11.4,0.06469,33,0.001960281,1.96,13.72196542,58.80842322
Potash Dry,1,10/29/2024,12/17/2024,,0.583134447,0.583134,0.06,0.034988067,1,0.034988067,11.4,0.00307,49,0.0000626353,0.063,0.438446953,1.879058369
Potash Dry,2,10/29/2024,12/17/2024,,0.909307876,0.909308,0.06,0.054558473,1,0.054558473,11.4,0.00479,49,0.00009767,0.098,0.683690132,2.930100567
Potash Dry,3,10/29/2024,12/17/2024,,1.056483691,1.056484,0.06,0.063389021,1,0.063389021,11.4,0.00556,49,0.000113478,0.113,0.79434864,3.404351315
Potash Dry,4,10/29/2024,12/17/2024,,0.957040573,0.957041,0.06,0.057422434,1,0.057422434,11.4,0.00504,49,0.000102797,0.103,0.719579378,3.08391162
Hungerford Dry,1,12/17/2024,1/20/2025,,35.29875645,35.298756,0.06,2.117925387,1,2.117925387,11.4,0.18578,34,0.005464204,5.464,38.24942649,163.9261135
Hungerford Wet,1,12/17/2024,1/20/2025,,0.68997669,0.689977,0.06,0.041398601,1,0.041398601,11.4,0.00363,34,0.000106808,0.107,0.74765276,3.204226114
Hungerford Wet,2,12/17/2024,1/20/2025,,3.996669997,3.99667,0.06,0.2398002,1,0.2398002,11.4,0.02104,34,0.00061868,0.619,4.330756962,18.56038698
Hungerford Wet,3,12/17/2024,1/20/2025,,2.068598069,2.068598,0.06,0.124115884,1,0.124115884,11.4,0.01089,34,0.000320216,0.32,2.241514935,9.606492579
Wade Dry,1,12/17/2024,1/20/2025,,0.173826174,0.173826,0.06,0.01042957,1,0.01042957,11.4,0.00091,34,0.0000269081,0.027,0.188356535,0.807242293
Wade Dry,2,12/17/2024,1/20/2025,,0.353646354,0.353646,0.06,0.021218781,1,0.021218781,11.4,0.00186,34,0.000054744,0.055,0.383208123,1.642320528
Wade Dry,3,12/17/2024,1/20/2025,,0.53013653,0.530137,0.06,0.031808192,1,0.031808192,11.4,0.00279,34,0.0000820645,0.082,0.574451348,2.46193435
Wade Dry,4,12/17/2024,1/20/2025,,0.27039627,0.270396,0.06,0.016223776,1,0.016223776,11.4,0.00142,34,0.000041857,0.042,0.292999055,1.255710234
Wade Dry,5,12/17/2024,1/20/2025,,0.34032634,0.340326,0.06,0.02041958,1,0.02041958,11.4,0.00179,34,0.0000526821,0.053,0.368774672,1.580462881
Wade Wet,1,12/17/2024,1/20/2025,,0.506826507,0.506827,0.06,0.03040959,1,0.03040959,11.4,0.00267,34,0.0000784561,0.078,0.549192809,2.353683468
Wade Wet,5,12/17/2024,1/20/2025,,0.656676657,0.656677,0.06,0.039400599,1,0.039400599,11.4,0.00346,34,0.000101653,0.102,0.711569133,3.049581997
Wade Wet,6,12/17/2024,1/20/2025,,0.836496836,0.836497,0.06,0.05018981,1,0.05018981,11.4,0.0044,34,0.000129489,0.129,0.906420721,3.884660231
Wade Wet,7,12/17/2024,1/20/2025,,0.223776224,0.223776,0.06,0.013426573,1,0.013426573,11.4,0.00118,34,0.0000346403,0.035,0.242481976,1.03920847
Wade Wet,8,12/17/2024,1/20/2025,,0.78987679,0.789877,0.06,0.047392607,1,0.047392607,11.4,0.00416,34,0.000122272,0.122,0.855903642,3.668158467
Hungerford Wet,1,1/20/2025,2/24/2025,,0.294491525,0.294492,0.06,0.017669492,1,0.017669492,11.4,0.00155,35,0.0000442844,0.044,0.309991079,1.328533197
Hungerford Wet,2,1/20/2025,2/24/2025,,0.333333333,0.333333,0.06,0.02,1,0.02,11.4,0.00175,35,0.0000501253,0.05,0.350877193,1.503759398
Hungerford Wet,3,1/20/2025,2/24/2025,,0.524011299,0.524011,0.06,0.031440678,1,0.031440678,11.4,0.00276,35,0.0000787987,0.079,0.551590842,2.363960749
Wade Dry,1,1/20/2025,2/21/2025,,0.322740113,0.32274,0.06,0.019364407,1,0.019364407,11.4,0.0017,32,0.0000530823,0.053,0.371575788,1.592467663
Wade Dry,2,1/20/2025,2/21/2025,,0.548728814,0.548729,0.06,0.032923729,1,0.032923729,11.4,0.00289,32,0.0000902514,0.09,0.631760147,2.707543488
Wade Dry,3,1/20/2025,2/21/2025,,0.608757062,0.608757,0.06,0.036525424,1,0.036525424,11.4,0.0032,32,0.000100125,0.1,0.700871618,3.003735504
Wade Dry,4,1/20/2025,2/21/2025,,0.209745763,0.209746,0.06,0.012584746,1,0.012584746,11.4,0.0011,32,0.0000344977,0.034,0.241483608,1.03492975
Wade Dry,5,1/20/2025,2/21/2025,,0.294491525,0.294492,0.06,0.017669492,1,0.017669492,11.4,0.00155,32,0.0000484361,0.048,0.339052743,1.453083185
Wade Wet,1,1/20/2025,2/21/2025,,1.039548023,1.039548,0.06,0.062372881,1,0.062372881,11.4,0.00547,32,0.000170978,0.171,1.196848052,5.129348796
Wade Wet,5,1/20/2025,2/21/2025,,0.516949153,0.516949,0.06,0.031016949,1,0.031016949,11.4,0.00272,32,0.0000850245,0.085,0.595171722,2.55073595
Wade Wet,6,1/20/2025,2/21/2025,,0.848870056,0.84887,0.06,0.050932203,1,0.050932203,11.4,0.00447,32,0.000139617,0.14,0.977317499,4.188503568
Wade Wet,7,1/20/2025,2/21/2025,,0.672316384,0.672316,0.06,0.040338983,1,0.040338983,11.4,0.00354,32,0.000110578,0.111,0.774048469,3.31735058
Wade Wet,8,1/20/2025,2/21/2025,,0.350988701,0.350989,0.06,0.021059322,1,0.021059322,11.4,0.00185,32,0.0000577284,0.058,0.404098833,1.731852141
Hungerford Dry,1,2/24/2025,3/28/2025,,13.89056225,13.890562,0.06,0.833433735,1,0.833433735,11.4,0.07311,32,0.002284632,2.285,15.99242364,68.53895847
Hungerford Wet,2,2/24/2025,3/28/2025,,1.601405622,1.601406,0.06,0.096084337,1,0.096084337,11.4,0.00843,32,0.000263389,0.263,1.843723579,7.901672479
Wade Dry,1,2/21/2025,3/28/2025,,0.245983936,0.245984,0.06,0.014759036,1,0.014759036,11.4,0.00129,35,0.0000369901,0.037,0.258930459,1.109701966
Wade Dry,2,2/21/2025,3/28/2025,,1.748661312,1.748661,0.06,0.104919679,1,0.104919679,11.4,0.0092,35,0.000262957,0.263,1.840696118,7.888697648
Wade Dry,3,2/21/2025,3/28/2025,,1.08601071,1.086011,0.06,0.065160643,1,0.065160643,11.4,0.00572,35,0.00016331,0.163,1.143169168,4.899296434
Wade Dry,4,2/21/2025,3/28/2025,,0.256024096,0.256024,0.06,0.015361446,1,0.015361446,11.4,0.00135,35,0.0000384999,0.038,0.269499049,1.154995924
Wade Dry,5,2/21/2025,3/28/2025,,0.292838019,0.292838,0.06,0.017570281,1,0.017570281,11.4,0.00154,35,0.0000440358,0.044,0.308250546,1.321073769
Wade Wet,1,2/21/2025,3/28/2025,,0.691097724,0.691098,0.06,0.041465863,1,0.041465863,11.4,0.00364,35,0.000103924,0.104,0.727471289,3.117734094
Wade Wet,5,2/21/2025,3/28/2025,,0.343038822,0.343039,0.06,0.020582329,1,0.020582329,11.4,0.00181,35,0.0000515848,0.052,0.361093497,1.547543558
Wade Wet,6,2/21/2025,3/28/2025,,1.139558233,1.139558,0.06,0.068373494,1,0.068373494,11.4,0.006,35,0.000171362,0.171,1.199534982,5.140864209
Wade Wet,7,2/21/2025,3/28/2025,,0.376506024,0.376506,0.06,0.022590361,1,0.022590361,11.4,0.00198,35,0.0000566174,0.057,0.396322131,1.698523417
Wade Wet,8,2/21/2025,3/28/2025,,0.63085676,0.630857,0.06,0.037851406,1,0.037851406,11.4,0.00332,35,0.0000948657,0.095,0.664059748,2.845970348
Potash Dry,1,12/17/2024,4/3/2025,,0.794846051,0.794846,0.06,0.047690763,1,0.047690763,11.4,0.00418,107,0.0000390972,0.039,0.273680391,1.172915963
Potash Dry,2,12/17/2024,4/3/2025,,0.383199465,0.383199,0.06,0.022991968,1,0.022991968,11.4,0.00202,107,0.000018849,0.019,0.131942757,0.565468959
Potash Dry,3,12/17/2024,4/3/2025,,0.078647925,0.078648,0.06,0.004718876,1,0.004718876,11.4,0.00041,107,0.00000386856,0.004,0.027079955,0.116056948
Potash Dry,4,12/17/2024,4/3/2025,,0.045180723,0.045181,0.06,0.002710843,1,0.002710843,11.4,0.00024,107,0.00000222237,0.002,0.01555657,0.066671013
Hungerford Dry,1,3/28/2025,4/25/2025,,6.902654867,6.902655,0.06,0.414159292,1,0.414159292,11.4,0.03633,28,0.001297492,1.297,9.082440615,38.92474549
Hungerford Wet,1,3/28/2025,4/25/2025,,1.140609636,1.14061,0.06,0.068436578,1,0.068436578,11.4,0.006,28,0.0002144,0.214,1.500802153,6.432009227
Hungerford Wet,2,3/28/2025,4/25/2025,,3.942969518,3.94297,0.06,0.236578171,1,0.236578171,11.4,0.02075,28,0.00074116,0.741,5.188117787,22.23479052
Hungerford Wet,3,3/28/2025,4/25/2025,,1.873156342,1.873156,0.06,0.112389381,1,0.112389381,11.4,0.00986,28,0.000352097,0.352,2.464679398,10.5629117
Wade Dry,1,3/28/2025,5/6/2025,,-0.23107178,-0.231072,0.06,-0.013864307,1,-0.013864307,11.4,-0.00122,39,-0.0000311838,-0.031,-0.218286432,-0.935513278
Wade Dry,2,3/28/2025,5/6/2025,,0.17207473,0.172075,0.06,0.010324484,1,0.010324484,11.4,0.00091,39,0.000023222,0.023,0.162553726,0.696658824
Wade Dry,3,3/28/2025,5/6/2025,,0.471976401,0.471976,0.06,0.028318584,1,0.028318584,11.4,0.00248,39,0.0000636945,0.064,0.445861648,1.910835632
Wade Dry,4,3/28/2025,5/6/2025,,-0.142576205,-0.142576,0.06,-0.008554572,1,-0.008554572,11.4,-0.00075,39,-0.0000192411,-0.019,-0.134687373,-0.577231597
Wade Dry,5,3/28/2025,5/6/2025,,-0.240904621,-0.240905,0.06,-0.014454277,1,-0.014454277,11.4,-0.00127,39,-0.0000325107,-0.033,-0.227575216,-0.975322354
Wade Wet,1,3/28/2025,5/6/2025,,1.39626352,1.396264,0.06,0.083775811,1,0.083775811,11.4,0.00735,39,0.00018843,0.188,1.319007374,5.652888746
Wade Wet,5,3/28/2025,5/6/2025,,1.209439528,1.20944,0.06,0.072566372,1,0.072566372,11.4,0.00637,39,0.000163217,0.163,1.142520472,4.896516308
Wade Wet,6,3/28/2025,5/6/2025,,0.855457227,0.855457,0.06,0.051327434,1,0.051327434,11.4,0.0045,39,0.000115446,0.115,0.808124236,3.463389584
Wade Wet,7,3/28/2025,5/6/2025,,-0.137659784,-0.13766,0.06,-0.008259587,1,-0.008259587,11.4,-0.00072,39,-0.0000185776,-0.019,-0.130042981,-0.557327059
Wade Wet,8,3/28/2025,5/6/2025,,-0.083579154,-0.083579,0.06,-0.005014749,1,-0.005014749,11.4,-0.00044,39,-0.0000112792,-0.011,-0.078954667,-0.338377143
Potash Dry,1,4/3/2025,5/2/2025,,0.240904621,0.240905,0.06,0.014454277,1,0.014454277,11.4,0.00127,29,0.0000437213,0.044,0.306049428,1.311640407
Potash Dry,2,4/3/2025,5/2/2025,,-0.196656834,-0.196657,0.06,-0.01179941,1,-0.01179941,11.4,-0.00104,29,-0.0000356909,-0.036,-0.249836268,-1.070726863
Potash Dry,3,4/3/2025,5/2/2025,,1.450344149,1.450344,0.06,0.087020649,1,0.087020649,11.4,0.00763,29,0.00026322,0.263,1.842542477,7.896610614
Potash Dry,4,4/3/2025,5/2/2025,,0.457227139,0.457227,0.06,0.027433628,1,0.027433628,11.4,0.00241,29,0.0000829813,0.083,0.580869323,2.489439956
