Sample ID,Site,Date,Time,Type,Type2,Type3,S. No.,Transect,Depth,Pit,Index-notes,Ca_mg_L,K_mg_L,Mg_mg_L,Na_mg_L,Al_mg_L,Fe_mg_L,Mn_mg_L,Cu_mg_L,Zn_mg_L,Si_mg_L,Cl_mg_L,NO3_N_mg_L,SO4_S_mg_L,PO4_P_mg_L
,Wade,10/1/2019,23:00,Grab/Isco,Stream,,57,,,,From Meghan's Major_ion_chemistry_data file,1.750219298,0.36901614,0.288237335,0.192406271,0.111285765,0.125594723,0.039502282,0.000886919,0.011441808,0.209946136,0.397088,0.0610536,0.3611589,
RI18-0091,Wade,2/21/2018,12:00,Grab/Isco,Stream,,15,,,,From Meghan's Major_ion_chemistry_data file,1.856252057,0.139908198,0.25832222,0.232409407,0.022207278,-0.011174769,0.010681558,0.000992574,0.005772425,0.050141781,0.2990488,0.5230628,0.55302,
RI19-0309,Wade,3/31/2019,12:00,Grab/Isco,Stream,,38,,,,From Meghan's Major_ion_chemistry_data file,2.046125965,0.113654201,0.262359941,0.149294979,0.036908933,0.005645602,0.005565937,0.000136159,-0.001859282,0.528801355,0.3015116,0.2413379,0.5889785,
RI18-0097,Wade,2/22/2018,13:30,Grab/Isco,Stream,,16,,,,From Meghan's Major_ion_chemistry_data file,1.96025486,0.09453177,0.279433555,0.244212071,0.036159545,0.117107338,0.010381071,0.001162637,0.005323385,0.137126313,0.318532,0.4638476,0.6001688,
RI18-0131,Wade,3/30/2018,13:00,Grab/Isco,Stream,,21,,,,From Meghan's Major_ion_chemistry_data file,2.231643269,0.133232343,0.313289671,0.326403298,0.019058454,-0.009918718,0.010286215,0.001695714,0.00540245,0.078343904,0.3380152,0.3158096,0.6237432,
RI18-0084F,Wade,2/20/2018,22:00,Grab/Isco,Stream,,13,,,,From Meghan's Major_ion_chemistry_data file,2.419208537,0.165104833,0.369337445,0.434420505,-0.000454747,-0.0114768,0.006286999,0.004003242,0.011509227,0.140077588,0.5588248,0.3306134,0.6532112,
RI18-0085F,Wade,2/21/2018,0:00,Grab/Isco,Stream,,14,,,,From Meghan's Major_ion_chemistry_data file,2.459069447,0.182058633,0.374007149,0.476485874,0.005636916,-0.008978834,0.009012866,0.002637654,0.011664433,0.119406261,0.4516672,0.4450064,0.656158,
,Wade,5/7/2019,10:45,Grab/Isco,Stream,,44,,,,From Meghan's Major_ion_chemistry_data file,2.314808494,0.135119964,0.374953507,0.27527917,0.04160049,0.009126318,0.002104577,-0.0000554809,0.000751444,0.348099899,0.2484136,0.24351,0.6583149,
RI18-0136,Wade,3/30/2018,23:00,Grab/Isco,Stream,,22,,,,From Meghan's Major_ion_chemistry_data file,2.30096714,0.11109564,0.332136712,0.306012862,0.016879397,-0.010161795,0.010633897,0.001453501,0.003382099,0.15244589,0.3250264,0.3386882,0.7401418,
,Wade,4/2/2019,13:45,Grab/Isco,Stream,,40,,,,From Meghan's Major_ion_chemistry_data file,2.904110906,0.10015459,0.411322855,0.268566551,0.017196571,0.002623483,0.001992517,0.000187255,0.00081756,0.997434232,0.3121312,0.2826078,0.7573669,
NN18-0003,Wade,5/8/2018,10:45,Grab/Isco,Stream,,2,,,,From Meghan's Major_ion_chemistry_data file,2.395177088,0.131185652,0.36403911,0.420250401,-0.00508411,-0.049670696,0.001752447,-0.000520867,0.011263943,0.391374141,0.2962018,0.2391658,0.7598432,
RI18-0153,Wade,4/4/2018,12:00,Grab/Isco,Stream,,28,,,,From Meghan's Major_ion_chemistry_data file,2.51756122,0.113602398,0.360817763,0.368521251,0.019207855,-0.003130631,0.006973556,0.001530175,0.003005762,0.631453238,0.4256896,0.2081456,0.7858172,
NN18-0001,Wade,4/23/2018,17:45,Grab/Isco,Stream,,1,,,,From Meghan's Major_ion_chemistry_data file,2.668826058,0.125988111,0.363277628,0.45413967,-0.026573265,-0.0735126,0.001850461,0.000494016,0.008641063,0.792894292,0.2855822,0.1805191,0.8167981,
,Wade,10/22/2019,11:00,Grab/Isco,Stream,,60,,,,From Meghan's Major_ion_chemistry_data file,3.413409797,0.20193061,0.540360138,0.389760982,0.018883363,0.022054275,0.00329607,0.000317275,0.014392186,1.271105568,0.4289468,0.0349884,0.8440374,
RI18-0138,Wade,3/31/2018,13:00,Grab/Isco,Stream,,23,,,,From Meghan's Major_ion_chemistry_data file,2.637854977,0.085904359,0.39015114,0.369047386,0.0198586,0.003196551,0.007444262,0.001464551,0.004910976,0.230154561,0.3477568,0.3279218,0.855067,
RI19-0347,Wade,4/14/2019,10:56,Grab/Isco,Stream,,41,,,,From Meghan's Major_ion_chemistry_data file,2.106722796,0.11071673,0.31807363,0.231353538,0.037153964,0.00286738,0.003278711,0.000055106,0.000261697,0.330143848,0.3546096,0.4411711,0.8588952,
,Wade,10/9/2019,11:30,Grab/Isco,Stream,,58,,,,From Meghan's Major_ion_chemistry_data file,3.411143593,0.157263507,0.500945825,0.355551937,0.013960029,0.008924005,0.004624161,0.000118073,0.006325754,1.612716647,0.3546096,0.048021,0.8688004,
RI18-0124,Wade,3/29/2018,23:00,Grab/Isco,Stream,,20,,,,From Meghan's Major_ion_chemistry_data file,3.185081723,0.123640524,0.452620433,0.425051702,0.001708,-0.010864385,0.004848135,0.001359396,0.004798273,1.235355928,0.3964648,0.2216036,0.8874818,
,Wade,6/5/2019,10:49,Grab/Isco,Stream,,46,,,,From Meghan's Major_ion_chemistry_data file,3.492885559,0.164987233,0.521833696,0.467402632,0.006830317,0.003975713,0.001908592,0.000205677,0.034837795,1.343949876,0.34399,0.0849467,0.8935634,
RI18-0140,Wade,3/31/2018,17:00,Grab/Isco,Stream,,24,,,,From Meghan's Major_ion_chemistry_data file,2.893126517,0.110740472,0.415304387,0.391694256,0.018452844,0.093129205,0.043672182,0.001876635,0.004218463,0.452058194,0.4386784,0.3359966,0.9051626,
,Wade,4/25/2019,11:45,Grab/Isco,Stream,,43,,,,From Meghan's Major_ion_chemistry_data file,2.081338325,0.111415674,0.320116156,0.252296056,0.041216189,0.004041275,0.002164322,0.000643766,0.002462624,0.266093562,0.3811586,0.4281385,0.9282316,
,Wade,6/13/2019,11:00,Grab/Isco,Stream,,47,,,,From Meghan's Major_ion_chemistry_data file,3.66755148,0.178967245,0.551797583,0.484039083,0.007800956,0.005671269,0.001509321,0.001521553,0.010143066,1.371201428,0.3492998,0.1023235,0.948042,
RI18-0067F,Wade,2/20/2018,12:00,Grab/Isco,Stream,,12,,,,From Meghan's Major_ion_chemistry_data file,3.583763716,0.152019924,0.515052865,0.55004888,-0.004796194,-0.018730556,0.004528083,0.001476657,0.003804277,1.530454451,0.4094536,0.2444822,0.972939,
RI19-0297,Wade,3/30/2019,12:00,Grab/Isco,Stream,,36,,,,From Meghan's Major_ion_chemistry_data file,3.382751791,0.123071261,0.477729569,0.385223436,0.005915626,0.000514801,0.002946756,0.002714961,0.003999249,1.131992215,0.5457624,0.1870354,0.9802339,
RI18-0147,Wade,4/4/2018,0:00,Grab/Isco,Stream,,27,,,,From Meghan's Major_ion_chemistry_data file,3.14079382,0.100288456,0.468866006,0.452693822,0.001680921,-0.014741536,0.0278169,0.001216609,0.001499369,1.232658978,0.44842,0.2713982,1.0127208,
RI19-0379,Wade,4/1/2019,10:34,Grab/Isco,Stream,,39,,,,From Meghan's Major_ion_chemistry_data file,2.530383371,0.109447271,0.362999448,0.229440326,0.029625185,0.006114886,0.00219466,0.0000604568,0.00286552,0.39985473,0.4130174,0.4542037,1.0347125,
RI19-0278,Wade,3/28/2019,22:00,Grab/Isco,Stream,,32,,,,From Meghan's Major_ion_chemistry_data file,3.49204696,-0.000369285,0.517629395,0.297672113,0.004328214,0.005193946,0.001991431,0.000645748,0.000281703,1.447014793,0.3333704,0.1957238,1.047094,
RI18-0146,Wade,4/3/2018,22:00,Grab/Isco,Stream,,26,,,,From Meghan's Major_ion_chemistry_data file,3.158756219,0.091197302,0.470555457,0.458023036,0.003751618,-0.01319177,0.00649653,0.001545496,0.004497392,0.823264975,0.4191952,0.2512112,1.0495558,
,Wade,9/11/2019,11:15,Grab/Isco,Stream,,55,,,,From Meghan's Major_ion_chemistry_data file,4.961348816,0.187022408,0.734833104,0.535260597,0.003431619,0.013732269,0.002286141,-0.000233667,0.025948145,1.920052165,0.4023978,0.1088398,1.0545229,
RI18-0141,Wade,4/3/2018,12:00,Grab/Isco,Stream,,25,,,,From Meghan's Major_ion_chemistry_data file,3.185669542,0.129832881,0.482473829,0.482016422,-0.001203295,-0.017535831,0.003919728,0.00190361,0.013981954,1.27387934,0.4029592,0.2983142,1.0628164,
RI19-0302,Wade,3/30/2019,22:00,Grab/Isco,Stream,,37,,,,From Meghan's Major_ion_chemistry_data file,2.669524774,0.108392911,0.341932148,0.205200967,0.015046937,0.006128349,0.003678121,0.001054007,-0.001549823,0.46396661,0.4979742,0.2760915,1.0669044,
NN18-0035,Wade,10/25/2018,13:32,Grab/Isco,Stream,,9,,,,From Meghan's Major_ion_chemistry_data file,4.336402954,0.1719358,0.640884312,0.78262473,-0.034387286,-0.075418146,0.001698965,-0.001199945,0.004927664,1.478914891,0.4661154,0.048021,1.0743333,
RI18-0159,Wade,4/5/2018,11:00,Grab/Isco,Stream,,29,,,,From Meghan's Major_ion_chemistry_data file,2.576086782,0.074086632,0.406820094,0.379820809,0.020709412,-0.009668998,0.003298461,0.001368647,0.002684683,0.942806862,0.450186,0.438999,1.1139541,
RI18-0119,Wade,3/29/2018,13:00,Grab/Isco,Stream,,19,,,,From Meghan's Major_ion_chemistry_data file,3.768201233,0.12078241,0.558577723,0.538867123,-0.002328873,-0.018517667,0.00298332,0.001301945,0.004463592,1.444572718,0.4029592,0.2283326,1.1188056,
,Wade,7/16/2019,11:00,Grab/Isco,Stream,,50,,,,From Meghan's Major_ion_chemistry_data file,5.425153862,0.198596605,0.800437731,0.671640552,-0.00401288,-0.006821904,0.003747689,0.000269574,0.039091545,2.257571302,0.4873546,0.2348216,1.1387171,
,Wade,11/21/2019,12:15,Grab/Isco,Stream,,62,,,,From Meghan's Major_ion_chemistry_data file,3.64824363,0.123359969,0.551853233,0.440401725,0.005311368,0.00549887,0.002709785,-0.00031913,0.002701364,1.60057847,0.41,0.17,1.15,
RI19-0273,Wade,3/28/2019,12:00,Grab/Isco,Stream,,33,,,,From Meghan's Major_ion_chemistry_data file,3.772884865,0.01991722,0.573602368,0.373667753,-0.001456625,-0.003802145,0.001584794,0.000916959,0.005540668,1.496559121,0.3864684,0.200068,1.1560512,
RI18-0112,Wade,3/28/2018,23:00,Grab/Isco,Stream,,18,,,,From Meghan's Major_ion_chemistry_data file,3.819145374,0.128621975,0.56631095,0.523453155,-0.006176675,-0.016034981,0.008566479,0.000934573,0.003512528,1.662713792,0.3769816,0.2229494,1.1615342,
RI19-0017,Wade,1/23/2019,20:00,Grab/Isco,Stream,,30,,,,From Meghan's Major_ion_chemistry_data file,4.05272883,0.035706502,0.64365762,0.605713412,0.011388849,0.119965577,0.005746426,0.001249515,0.008290083,1.847744447,0.3758488,0.2109285,1.1733853,
RI18-0108,Wade,3/28/2018,15:00,Grab/Isco,Stream,,17,,,,From Meghan's Major_ion_chemistry_data file,3.91690482,0.145264903,0.589551373,0.565630782,-0.006376716,-0.018016996,0.003093378,0.001225109,0.00685224,1.738157431,0.351004,0.2337158,1.186582,
,Wade,10/17/2019,12:15,Grab/Isco,Stream,,59,,,,From Meghan's Major_ion_chemistry_data file,3.636231639,0.466860974,0.574821542,0.404885494,0.035953108,0.051755818,0.016345354,0.001175521,0.007003858,0.928745071,1.0130248,<0.03,1.1907194,
,Wade,11/6/2019,16:45,Grab/Isco,Stream,,61,,,,From Meghan's Major_ion_chemistry_data file,2.883529919,0.132567408,0.438797203,0.316806342,0.021499728,0.012189884,0.003069774,-0.000131216,0.005720427,0.905114966,0.5139036,0.0936351,1.2179587,
,Wade,4/17/2019,11:00,Grab/Isco,Stream,,42,,,,From Meghan's Major_ion_chemistry_data file,2.528318963,0.113304022,0.376937599,0.301846926,0.02362778,0.000588415,0.002255566,0.000601637,0.002782162,0.530441896,0.5457624,0.4780968,1.220435,
,Wade,5/22/2019,10:15,Grab/Isco,Stream,,45,,,,From Meghan's Major_ion_chemistry_data file,2.761634446,0.119106008,0.404359854,0.345859411,0.020723809,0.005359743,0.001842093,-0.000230401,0.001929215,0.823727384,0.4608056,0.1718307,1.245198,
NN19-0036,Wade,7/24/2019,11:32,Grab/Isco,Stream,,51,,,,From Meghan's Major_ion_chemistry_data file,5.861258505,0.203012116,0.870525228,0.757992267,-0.005970491,-0.007990314,0.0032929,-0.000195554,-0.001800149,2.451036405,0.4023978,0.3130172,1.2798662,
,Wade,7/31/2019,11:45,Grab/Isco,Stream,,52,,,,From Meghan's Major_ion_chemistry_data file,6.043226049,0.212155185,0.873228252,0.764099464,-0.005300325,-0.008776079,0.004013047,-0.00024922,0.011399725,2.421114359,0.4608056,0.2587147,1.3021529,
NN18-0021,Wade,9/6/2018,16:23,Grab/Isco,Stream,,11,,,,From Meghan's Major_ion_chemistry_data file,4.705615433,0.160448969,0.767982093,0.632097029,0.00035156,-0.006670042,0.001414416,0.002607988,0.003365747,1.892383302,0.4820448,0.1826912,1.3714893,
RI19-0290,Wade,3/29/2019,22:00,Grab/Isco,Stream,,35,,,,From Meghan's Major_ion_chemistry_data file,3.360758058,-0.057850356,0.38915162,-0.300222801,0.009191009,0.012218713,0.004279567,0.001806923,0.114902503,1.122391912,0.5139036,0.286952,1.3838708,
RI19-0285,Wade,3/29/2019,11:00,Grab/Isco,Stream,,34,,,,From Meghan's Major_ion_chemistry_data file,3.354459298,-0.004802645,0.478537095,0.261613595,0.003181778,0.000844093,0.002605963,0.00042942,-0.00128213,1.157640898,0.4820448,0.2826078,1.3863471,
NN18-0027,Wade,9/19/2018,12:30,Grab/Isco,Stream,,6,,,,From Meghan's Major_ion_chemistry_data file,5.824206081,0.171111248,0.848968399,0.892870096,-0.024329975,-0.068474766,0.008030844,-0.000728329,0.020604587,2.292649262,0.3492998,0.1848633,1.3987286,
NN18-0040,Wade,11/8/2018,13:19,Grab/Isco,Stream,,10,,,,From Meghan's Major_ion_chemistry_data file,3.418101496,0.157384356,0.534175535,0.918895602,-0.01713497,-0.067713783,0.002545985,0.005158634,0.034068127,1.109603067,1.4537382,0.1110119,1.4111101,
,Wade,8/28/2019,17:15,Grab/Isco,Stream,,54,,,,From Meghan's Major_ion_chemistry_data file,6.428439949,0.187787253,0.954156026,0.750233375,-0.002296659,-0.004514546,0.00518232,-0.000362831,0.011535812,2.217475837,0.4130174,0.2587147,1.4606361,
,Wade,6/26/2019,1:15,Grab/Isco,Stream,,49,,,,From Meghan's Major_ion_chemistry_data file,4.234859816,0.177369649,0.598796717,0.522032465,0.002867512,0.007118511,0.00159557,-0.0000370564,-0.000135975,1.852485542,0.4448762,0.1892075,1.4606361,
NN18-0029,Wade,9/27/2018,13:08,Grab/Isco,Stream,,7,,,,From Meghan's Major_ion_chemistry_data file,3.559558731,0.154719646,0.530948761,0.718713673,-0.025995947,-0.061083639,0.001769862,-0.0000105811,0.011534544,0.919723693,0.4130174,0.1283887,1.4655887,
,Wade,8/13/2019,9:00,Grab/Isco,Stream,,53,,,,From Meghan's Major_ion_chemistry_data file,5.040050387,0.20908824,0.746928118,0.580448128,0.000910697,0.011217648,0.001842549,0.000455764,0.015259866,1.607997657,0.6200996,0.2109285,1.468065,
NN18-0032,Wade,10/10/2018,12:30,Grab/Isco,Stream,,8,,,,From Meghan's Major_ion_chemistry_data file,4.557535049,0.212969714,0.627100086,0.743622061,-0.031211686,-0.072954216,0.003123258,-0.001262463,0.013328031,1.708636552,0.423637,<0.03,1.5745459,
,Wade,3/18/2019,11:55,Grab/Isco,Stream,,31,,,,From Meghan's Major_ion_chemistry_data file,3.253149869,-0.002467229,0.492935006,0.316054003,0.003487865,0.000387496,0.001766278,0.000676191,-0.00132811,1.4656789,0.5192134,0.4129338,1.6711216,
NN18-0017,Wade,8/23/2018,11:30,Grab/Isco,Stream,,4,,,,From Meghan's Major_ion_chemistry_data file,5.258177884,0.175882773,0.788146159,0.808203615,0.112647643,0.115944525,0.001578424,0.017423351,0.005584073,2.132491979,0.3811586,0.2348216,1.6760742,
,Wade,6/19/2019,10:15,Grab/Isco,Stream,,48,,,,From Meghan's Major_ion_chemistry_data file,4.290354144,0.188527897,0.643077774,0.572900265,0.001319135,-0.003418163,0.001555106,0.000747633,0.023533175,1.759352505,0.4289468,0.1805191,1.6810268,
,Wade,9/24/2019,15:15,Grab/Isco,Stream,,56,,,,From Meghan's Major_ion_chemistry_data file,5.791512432,0.21062275,0.885298997,0.691839439,-0.003579858,-0.003867384,0.002204786,-0.000365257,0.003806862,2.389385064,0.5988604,0.1696586,1.7800788,
NN18-0022,Wade,9/12/2018,11:39,Grab/Isco,Stream,,5,,,,From Meghan's Major_ion_chemistry_data file,5.214251294,0.114111725,0.578874589,0.624531237,-0.039746273,-0.080092246,0.002001843,-0.000607408,0.014378665,1.705011936,0.34399,0.1631423,2.0054221,
NN18-0015,Wade,8/7/2018,11:15,Grab/Isco,Stream,,3,,,,From Meghan's Major_ion_chemistry_data file,5.683719345,0.186284125,0.822535026,0.852821486,-0.040377998,-0.08574042,-0.000126063,-0.000467897,0.00847322,2.342228941,0.503284,0.3846965,2.1168556,
NN18-0020,Hungerford,9/6/2018,11:10,Grab/Isco,Stream,,1,,,,From Meghan's Major_ion_chemistry_data file,8.813969849,1.187583691,2.076866235,4.793556974,-0.03416288,-0.062728065,0.017719709,-0.00108396,0.003407551,0.507570938,7.9594665,0.1221,1.4066,
RI18-0072F,Hungerford,2/20/2018,22:30,Grab/Isco,Stream,,2,,,,From Meghan's Major_ion_chemistry_data file,14.44492667,3.461685351,2.333291841,6.48566099,-0.017712558,0.024816521,0.014000002,0.002666019,0.00216421,0.974385516,10.9867083,0.8026,1.4366,
NN18-0031,Hungerford,10/3/2018,10:00,Grab/Isco,Stream,,3,,,,From Meghan's Major_ion_chemistry_data file,11.75928438,3.044233005,4.238819708,6.93513142,-0.047415226,-0.063490266,0.016401015,-0.000871798,0.003491898,1.658793117,7.978109,n.a.,1.4464,
NN18-0023,Hungerford,9/12/2018,15:42,Grab/Isco,Stream,,4,,,,From Meghan's Major_ion_chemistry_data file,7.962782812,1.115682314,1.934016807,4.81983629,-0.002311218,-0.027509049,0.010867364,0.00269197,0.013142885,0.577356,9.350197,0.093755357,1.6685,
RI18-0073F,Hungerford,2/21/2018,0:30,Grab/Isco,Stream,,5,,,,From Meghan's Major_ion_chemistry_data file,15.50006701,2.855527224,2.225757332,5.516774676,-0.015660803,0.044633229,0.035048983,0.001445835,0.001144133,1.28644558,10.7414412,0.7965,1.7083,
RI18-0069F,Hungerford,2/20/2018,16:30,Grab/Isco,Stream,,6,,,,From Meghan's Major_ion_chemistry_data file,15.2346775,5.299511602,2.891621721,8.606854624,-0.013296566,0.053665878,0.018512597,0.003143468,0.007375531,1.410215147,16.0870062,0.9239,1.795,
NN18-0016,Hungerford,8/7/2018,17:03,Grab/Isco,Stream,,7,,,,From Meghan's Major_ion_chemistry_data file,10.85878867,1.504050748,2.657612243,5.81647314,-0.027947327,-0.058600219,0.04013206,0.001945152,0.002149723,0.500773208,9.805074,0.1472,1.8693,
RI19-0234,Hungerford,3/29/2019,13:00,Grab/Isco,Stream,,8,,,,From Meghan's Major_ion_chemistry_data file,17.44031355,4.585622455,2.974317702,9.048146107,0.001930442,0.048526795,0.037882285,0.00228393,0.008127063,1.691089451,17.99238426,1.3462,2.0148,0.3135
NN18-0033,Hungerford,10/16/2018,13:01,Grab/Isco,Stream,,9,,,,From Meghan's Major_ion_chemistry_data file,27.5135467,5.272858393,8.314344251,24.04065545,-0.038264336,-0.04389762,0.010903773,-0.000327592,0.003702245,2.866645922,10.3755345,n.a.,2.0242,
RI19-0241,Hungerford,3/30/2019,1:00,Grab/Isco,Stream,,10,,,,From Meghan's Major_ion_chemistry_data file,17.49546318,3.888965424,2.863310343,7.901840365,0.01179461,0.059448955,0.029271003,0.002235157,0.004583694,1.719849723,15.35527654,1.3654,2.1277,
RI19-0015,Hungerford,1/24/2019,22:00,Grab/Isco,Stream,,11,,,,From Meghan's Major_ion_chemistry_data file,14.00667195,2.588209726,2.112169939,8.196077252,-0.005891535,0.030682896,0.03275683,0.001169655,0.002057106,0.999600574,15.88890142,1.3473,2.2026,
RI18-0079F,Hungerford,2/21/2018,12:30,Grab/Isco,Stream,,12,,,,From Meghan's Major_ion_chemistry_data file,16.75431316,2.774639786,3.065249672,7.116754956,-0.018125504,0.022422522,0.044585551,0.00097117,-0.0000874535,1.635656088,14.0682693,1.2715,2.6693,
RI18-0188,Hungerford,3/30/2018,12:30,Grab/Isco,Stream,,13,,,,From Meghan's Major_ion_chemistry_data file,19.50978726,3.472901454,3.819655196,9.339915063,0.022844443,0.06991357,0.040141503,0.00759196,0.002363017,1.97436998,16.3385622,3.0724,2.6785,
RI18-0165,Hungerford,4/5/2018,12:00,Grab/Isco,Stream,,14,,,,From Meghan's Major_ion_chemistry_data file,12.51830382,1.284924367,3.571855629,7.868982722,-0.015948476,0.015028879,0.01838521,-0.000525759,-0.002122505,2.400455232,15.06574774,1.4458,2.7899,
RI19-0373,Hungerford,4/1/2019,14:31,Grab/Isco,Stream,,15,,,,From Meghan's Major_ion_chemistry_data file,19.44219347,1.531915372,3.140556781,8.956954796,-0.005592991,0.033365144,0.018248672,0.0000784746,0.001514341,2.207026608,18.39537437,1.306,2.8541,
RI19-0016,Hungerford,1/25/2019,13:00,Grab/Isco,Stream,,16,,,,From Meghan's Major_ion_chemistry_data file,17.14265574,2.412074496,2.791400269,12.84626172,0.002986826,0.042770447,0.020907355,0.001098443,0.002226118,1.422170835,25.19113961,1.6657,2.9,
RI18-0103,Hungerford,2/22/2018,0:30,Grab/Isco,Stream,,17,,,,From Meghan's Major_ion_chemistry_data file,20.79868957,2.611678313,3.66194843,8.168168345,-0.020050263,0.019203364,0.031105115,0.000992591,-0.000486234,1.873736618,14.150025,1.6016,2.9596,
,Hungerford,7/30/2019,11:15,Grab/Isco,Stream,,18,,,,From Meghan's Major_ion_chemistry_data file,24.69236346,2.783454658,5.305743556,12.90094255,-0.011978932,0.030237342,0.153064765,0.000658208,0.020559132,0.210654827,22.37621094,0.1883,2.975,
RI-0194,Hungerford,3/31/2018,0:30,Grab/Isco,Stream,,19,,,,From Meghan's Major_ion_chemistry_data file,23.15484047,2.410513256,4.370630615,9.841094805,-0.008746402,0.022364451,0.015440342,0.003803627,0.002020101,2.176970245,17.2881861,2.9203,3.2545,
,Hungerford,9/23/2019,12:15,Grab/Isco,Stream,,20,,,,From Meghan's Major_ion_chemistry_data file,25.95113962,2.205398241,4.490136855,11.41092246,-0.013977191,0.019100164,0.035060284,0.000210416,0.01016483,0.897887322,20.44916398,0.1953,3.3119,
RI18-0163,Hungerford,4/4/2018,23:00,Grab/Isco,Stream,,21,,,,From Meghan's Major_ion_chemistry_data file,18.43878226,2.245725804,4.35816659,11.12741459,-0.020851919,0.002165747,0.009358229,0.010319736,-0.001613121,2.204350239,20.53248106,1.5043,3.5254,
RI18-0164,Hungerford,4/5/2018,1:00,Grab/Isco,Stream,,22,,,,From Meghan's Major_ion_chemistry_data file,13.97045014,2.241471843,4.626407936,11.6291474,-0.017512968,0.009452725,0.010085755,-0.000290244,-0.002265089,2.392091404,21.03522838,1.6586,3.6622,
RI18-0181,Hungerford,3/29/2018,22:30,Grab/Isco,Stream,,23,,,,From Meghan's Major_ion_chemistry_data file,21.84657572,3.78927873,4.806696799,10.47294554,0.01700671,0.02578838,0.017708375,0.001345533,-0.001946709,2.030218072,17.8856316,2.932,3.6627,
RI18-0182,Hungerford,3/30/2018,0:30,Grab/Isco,Stream,,24,,,,From Meghan's Major_ion_chemistry_data file,24.54011788,4.101164927,4.854772557,10.27050569,0.037187636,0.060063991,0.026206248,0.004497122,0.000954264,1.792679944,17.0743635,2.9906,3.6719,
NN18-0039,Hungerford,10/30/2018,13:50,Grab/Isco,Stream,,25,,,,From Meghan's Major_ion_chemistry_data file,30.90638384,5.931487731,10.1352491,29.05168762,-0.056606561,-0.064266003,0.012076758,-0.000685862,0.002593583,2.836407243,12.03924249,0.2688,3.7675,
RI18-0105,Hungerford,2/22/2018,15:30,Grab/Isco,Stream,,26,,,,From Meghan's Major_ion_chemistry_data file,17.86339766,2.178530992,4.81963237,10.29509021,-0.019675841,0.007917015,0.022649648,0.000224239,-0.0000768252,2.392545189,19.5521901,2.0396,3.9777,
RI18-0200,Hungerford,3/31/2018,12:30,Grab/Isco,Stream,,27,,,,From Meghan's Major_ion_chemistry_data file,17.36740013,2.110372365,5.081537559,11.27789168,-0.025454931,-0.004284764,0.013442529,0.004720233,-0.001668249,2.328757027,21.06849335,3.128,3.9854,
,Hungerford,3/18/2019,14:21,Grab/Isco,Stream,,28,,,,From Meghan's Major_ion_chemistry_data file,20.53486037,2.018365736,4.239013055,11.59065694,-0.001021117,0.051994886,0.032239405,0.000485034,0.003145668,2.541260099,22.48217125,0.9329,4.12,
RI19-0228,Hungerford,3/29/2019,1:00,Grab/Isco,Stream,,29,,,,From Meghan's Major_ion_chemistry_data file,24.13376545,4.124804698,4.968047521,17.9114017,0.002025064,0.155408433,0.031853637,0.001042193,0.001294088,2.528502266,38.19106486,1.09,4.2009,
,Hungerford,10/2/2019,0:00,Grab/Isco,Stream,,30,,,,From Meghan's Major_ion_chemistry_data file,26.86966943,4.09941292,6.713906735,14.85773984,-0.014865923,0.04175526,0.035197647,0.000781644,0.01267781,2.268542045,27.2049542,0.4136,4.21185,
RI18-0213,Hungerford,4/4/2018,13:00,Grab/Isco,Stream,,31,,,,From Meghan's Major_ion_chemistry_data file,13.14679347,3.319158119,5.798775817,13.85584604,-0.017650496,0.004729573,0.015786367,0.004134092,-0.00005245,2.14061154,25.2796995,1.6613,4.3466,
,Hungerford,4/14/2019,15:00,Grab/Isco,Stream,,32,,,,From Meghan's Major_ion_chemistry_data file,30.67666182,1.855151381,4.768154008,12.25052747,-0.007559245,0.047432582,0.018158011,0.0000875831,0.001721701,2.026301005,25.50450156,1.7921,4.4604,
,Hungerford,5/22/2019,14:45,Grab/Isco,Stream,,33,,,,From Meghan's Major_ion_chemistry_data file,19.31236782,1.930755149,6.283883562,16.5200519,-0.008742982,0.028982887,0.010085146,-0.0000396011,0.030349163,2.018149117,30.26080734,2.8851,4.4958,
,Hungerford,10/1/2019,20:35,Grab/Isco,Stream,,34,,,,From Meghan's Major_ion_chemistry_data file,24.0190247,4.555241631,7.103480541,17.06907987,-0.022485077,0.052019698,0.052776086,0.00030616,0.034791841,1.925310579,31.86463864,0.4214,4.5434,
,Hungerford,5/7/2019,14:50,Grab/Isco,Stream,,35,,,,From Meghan's Major_ion_chemistry_data file,19.13764702,1.922529126,5.679038983,16.00622642,-0.005858342,0.148112406,0.024607302,-0.000000481016,0.001935888,1.860385547,31.10078664,2.0184,4.57965,
RI19-0223,Hungerford,3/28/2019,15:00,Grab/Isco,Stream,,36,,,,From Meghan's Major_ion_chemistry_data file,17.57659067,2.080017255,5.136502268,18.41095234,-0.009956431,0.052305667,0.032334796,-0.000201834,0.014430261,2.735150818,37.41517398,1.0599,4.6064,
RI18-0203,Hungerford,4/3/2018,17:00,Grab/Isco,Stream,,37,,,,From Meghan's Major_ion_chemistry_data file,11.56952581,1.941256312,5.93727726,14.02863676,-0.027966675,0.002757303,0.017742671,0.003999537,0.001166894,2.346630989,27.31895954,2.3428,4.6374,
RI18-0206,Hungerford,4/3/2018,23:00,Grab/Isco,Stream,,38,,,,From Meghan's Major_ion_chemistry_data file,14.49389396,1.939179673,6.014116153,14.05064826,-0.023686826,0.004786156,0.016789539,0.00306295,-0.001902927,2.16350097,26.68322652,2.3092,4.646,
RI18-0170,Hungerford,3/29/2018,0:30,Grab/Isco,Stream,,39,,,,From Meghan's Major_ion_chemistry_data file,18.02524551,3.935308345,6.36929711,13.8552704,-0.027501759,-0.003681299,0.022988572,0.000620093,-0.003842542,1.202414147,24.4763988,2.4784,4.6898,
RI18-0178,Hungerford,3/29/2018,16:30,Grab/Isco,Stream,,40,,,,From Meghan's Major_ion_chemistry_data file,19.37392282,4.802002824,6.312725005,13.51850746,-0.025260987,-0.011685947,0.025026787,0.001753866,0.002493751,2.169200678,23.1305742,2.9095,4.7544,
RI19-0227,Hungerford,3/28/2019,23:00,Grab/Isco,Stream,,41,,,,From Meghan's Major_ion_chemistry_data file,17.64717674,3.205231406,5.444059404,20.33275812,-0.008016344,0.040833751,0.030190026,0.000674858,0.002339631,2.485544983,43.44235099,1.1481,4.8403,
,Hungerford,8/27/2019,11:30,Grab/Isco,Stream,,42,,,,From Meghan's Major_ion_chemistry_data file,23.78800952,4.446868051,8.850750906,22.0767228,-0.017749381,0.021482008,0.07818627,0.000068143,0.036013684,1.14005943,33.13729285,0.4894,4.8513,
,Hungerford,6/26/2019,3:25,Grab/Isco,Stream,,43,,,,From Meghan's Major_ion_chemistry_data file,30.98962442,2.500562096,7.424865961,19.22477296,-0.019441456,0.032396494,0.030204716,-0.0000528782,0.002558563,0.72694692,35.6177329,1.0928,4.8928,
,Hungerford,4/17/2019,14:00,Grab/Isco,Stream,,44,,,,From Meghan's Major_ion_chemistry_data file,30.01702472,2.170474916,5.936713129,16.38658295,-0.012415681,0.032298269,0.015544927,-0.000245615,0.00209131,2.200040823,33.05398429,2.4112,5.1698,
,Hungerford,7/1/2019,11:00,Grab/Isco,Stream,,45,,,,From Meghan's Major_ion_chemistry_data file,19.79351167,3.638802523,9.607331174,26.28241486,-0.013985678,0.033758398,0.016981299,0.000998438,0.008232168,0.871478638,47.72927306,1.7205,5.1728,
,Hungerford,6/19/2019,14:00,Grab/Isco,Stream,,46,,,,From Meghan's Major_ion_chemistry_data file,17.00518729,2.575634403,8.116034294,22.72707823,-0.014765453,0.028141776,0.018767103,-0.000232627,0.003766174,0.507359447,43.18597582,1.2355,5.2394,
,Hungerford,4/23/2019,16:00,Grab/Isco,Stream,,47,,,,From Meghan's Major_ion_chemistry_data file,17.76962413,2.186860663,6.056503124,16.83501346,-0.013512295,0.051502402,0.028653931,-0.000197314,0.491061236,2.019708133,34.75499238,2.339,5.3033,
,Hungerford,7/11/2019,15:15,Grab/Isco,Stream,,48,,,,From Meghan's Major_ion_chemistry_data file,27.80606967,2.958493092,8.428150267,22.98917414,-0.010196583,0.029504472,0.047659474,0.000941599,0.097694701,0.541948122,41.77801131,0.5458,5.3981,
RI18-0106,Hungerford,3/28/2018,16:30,Grab/Isco,Stream,,49,,,,From Meghan's Major_ion_chemistry_data file,16.98849522,3.854768828,7.919018057,18.73137025,-0.026873889,-0.001111013,0.022613625,0.000513767,0.003184962,2.402823564,35.5700184,2.3405,6.0823,
,Hungerford,9/10/2019,17:15,Grab/Isco,Stream,,50,,,,From Meghan's Major_ion_chemistry_data file,21.09489243,3.300541802,7.052612431,19.18083006,-0.018248402,0.023826627,0.033682027,0.000318699,0.009737141,1.867927338,33.88282186,0.8068,6.1202,
,Hungerford,12/16/2019,11:15,Grab/Isco,Stream,,51,,,,From Meghan's Major_ion_chemistry_data file,26.56577472,3.593505137,7.408015661,16.36488249,-0.012591304,0.065450091,0.028089683,0.000414466,0.010127722,3.232756369,28.37216741,2.6132,6.1739,
RI19-0114,Hungerford,3/13/2019,11:50,Grab/Isco,Stream,,52,,,,From Meghan's Major_ion_chemistry_data file,24.25273548,2.144591123,6.49606516,25.80872711,-0.015561071,0.050510821,0.038639212,-0.000307999,0.003580859,2.963930594,52.53133287,1.2654,6.7881,
,Hungerford,7/15/2019,13:00,Grab/Isco,Stream,,53,,,,From Meghan's Major_ion_chemistry_data file,17.9894348,5.925164377,8.709557445,20.32663403,-0.018046665,0.025501638,0.039568086,0.002265235,0.024324177,1.576988914,38.26055875,2.5163,6.9029,
,Hungerford,11/21/2019,2:30,Grab/Isco,Stream,,54,,,,From Meghan's Major_ion_chemistry_data file,41.71157904,5.041823241,8.343939276,20.91230885,-0.019546921,0.051924507,0.030326818,0.003306981,0.011961921,3.413980795,35.77260928,2.3871,7.1212,
,Hungerford,11/6/2019,13:15,Grab/Isco,Stream,,55,,,,From Meghan's Major_ion_chemistry_data file,30.03073554,4.013579268,7.889735067,20.17576425,-0.015068901,0.058473622,0.017762532,0.000575806,0.009274406,3.48041501,32.8627898,3.0647,7.2452,
,Hungerford,8/12/2019,16:15,Grab/Isco,Stream,,56,,,,From Meghan's Major_ion_chemistry_data file,17.97792916,4.172031932,7.852878028,20.46904327,-0.01748777,0.060582635,0.06464482,0.001308999,0.006726269,3.21633274,33.61861216,1.4182,7.2991,
,Hungerford,10/17/2019,10:00,Grab/Isco,Stream,,57,,,,From Meghan's Major_ion_chemistry_data file,37.52609856,3.893994947,9.056464119,22.04398727,-0.020588513,0.042337106,0.027266514,0.000514209,0.010085569,2.18299744,39.18772215,1.929433333,7.586233333,
,Hungerford,10/17/2019,13:30,Grab/Isco,Stream,,58,,,,From Meghan's Major_ion_chemistry_data file,30.681135,9.241926655,9.240748365,20.38439471,-0.016184991,0.070660102,0.036160659,0.003871426,0.006145244,2.387119675,36.29979105,3.0722,8.004,0.4461
RI19-0010,Hungerford,1/24/2019,12:00,Grab/Isco,Stream,,59,,,,From Meghan's Major_ion_chemistry_data file,17.6929876,1.957970377,6.654682685,18.02969203,-0.018595926,0.034142931,0.042069444,-0.000177184,0.001218499,2.926434861,34.03550239,2.1896,8.2042,
RI19-0003,Hungerford,1/23/2019,22:00,Grab/Isco,Stream,,60,,,,From Meghan's Major_ion_chemistry_data file,18.53792033,2.00809158,6.916547764,17.32496859,-0.016466916,0.011857339,0.017594962,0.001573482,0.003817167,3.294417337,33.13091215,2.277,8.4409,
RI19-0001,Hungerford,1/23/2019,18:00,Grab/Isco,Stream,,61,,,,From Meghan's Major_ion_chemistry_data file,22.23190143,2.011994073,7.01177529,17.31885627,-0.018967094,0.016065341,0.017892733,0.000761156,0.002631394,3.217971946,33.02880085,2.2716,8.5772,
,Hungerford,10/22/2019,13:00,Grab/Isco,Stream,,62,,,,From Meghan's Major_ion_chemistry_data file,25.37416401,3.612658508,9.80188081,24.4341317,-0.021838143,0.034097551,0.018702807,0.000452963,0.008088061,3.572573161,42.34889884,3.839,9.6115,
,Hungerford,10/9/2019,15:30,Grab/Isco,Stream,,63,,,,From Meghan's Major_ion_chemistry_data file,36.29888386,4.657641672,9.988645492,25.50093068,-0.018632612,0.034273565,0.008138395,0.000882447,0.014711126,4.021075979,43.43319237,4.27595,10.17315,
NN18-0026,Hungerford,9/19/2018,10:30,Grab/Isco,Stream,,64,,,,From Meghan's Major_ion_chemistry_data file,11.59157943,1.507564211,2.501294469,5.56114667,-0.027173672,-0.051187883,0.070224056,-0.001289183,0.004884394,0.66243675,43.62496727,1.7213,15.24,
NN18-0018,Hungerford,8/23/2018,17:30,Grab/Isco,Stream,,65,,,,From Meghan's Major_ion_chemistry_data file,8.523863465,1.535377725,2.817432132,6.328255473,-0.033730238,-0.052280988,0.016042204,-0.001004331,0.002535518,0.361952797,58.76738476,1.5137,19.2125,
NN18-0004,Potash,5/10/2018,12:30,Grab/Isco,Stream,,1,,,,From Meghan's Major_ion_chemistry_data file,24.97993712,3.347139526,17.55883456,237.542456,-0.049629484,-0.074116902,0.012380332,0.023515771,0.001158042,0.575020758,290.0063538,0.5815,7.4287,
NN18-0005,Potash,5/24/2018,14:45,Grab/Isco,Stream,,2,,,,From Meghan's Major_ion_chemistry_data file,18.99533376,2.852589163,16.69149643,207.7275456,-0.040239961,-0.06208516,0.007569675,-0.001191003,0.00154535,1.331347664,357.8639939,0.397,4.5977,
NN18-0011,Potash,6/7/2018,15:00,Grab/Isco,Stream,,3,,,,From Meghan's Major_ion_chemistry_data file,23.57448019,3.164524235,17.50684826,235.9171492,-0.034053053,-0.045981159,0.010435701,-0.000987433,0.001866855,2.513124379,416.1417432,0.7612,4.9928,
NN18-0012,Potash,6/28/2018,14:15,Grab/Isco,Stream,,4,,,,From Meghan's Major_ion_chemistry_data file,14.21395476,2.265230022,8.255353422,105.3461027,-0.046271732,-0.032716634,0.011171928,0.013001825,0.003943543,1.728076472,187.1891728,0.2367,3.1562,
NN18-0013,Potash,7/12/2018,14:45,Grab/Isco,Stream,,5,,,,From Meghan's Major_ion_chemistry_data file,22.31194312,3.401813275,13.58209421,269.2013932,-0.03258828,-0.043550096,0.004462011,-0.000709307,0.001565219,1.844513927,465.163483,0.2672,4.2461,
NN18-0014,Potash,7/25/2018,13:30,Grab/Isco,Stream,,6,,,,From Meghan's Major_ion_chemistry_data file,21.73223707,3.99564185,15.07166474,294.5048015,-0.045625295,-0.064587276,0.003504835,-0.001593027,0.001524997,1.730169913,538.2150118,0.3665,5.7877,
NN18-0019,Potash,8/23/2018,12:45,Grab/Isco,Stream,,7,,,,From Meghan's Major_ion_chemistry_data file,27.10591011,3.95449197,16.77784223,269.7217874,-0.050255187,-0.082884898,0.005495022,-0.000730866,0.00135579,3.084578966,495.712175,0.8186,6.9093,
NN18-0028,Potash,9/19/2018,13:15,Grab/Isco,Stream,,8,,,,From Meghan's Major_ion_chemistry_data file,25.48192366,4.094961284,15.72324439,267.7180377,-0.044591723,-0.06898659,0.004910703,-0.001314276,0.002203992,3.086264537,505.2270768,0.7246,5.6516,
NN18-0030,Potash,10/3/2018,15:00,Grab/Isco,Stream,,9,,,,From Meghan's Major_ion_chemistry_data file,18.79123552,2.555125804,10.77176544,117.5181241,-0.042976979,-0.040753801,0.009320496,-0.000696862,0.001258562,3.026755249,317.6711945,0.3812,9.4466,
NN18-0034,Potash,10/16/2018,14:30,Grab/Isco,Stream,,10,,,,From Meghan's Major_ion_chemistry_data file,19.2753782,3.466243153,15.21753262,202.1130412,-0.042452201,-0.056768909,0.014279637,-0.000757831,0.001512767,3.004634145,371.7630338,0.4909,8.0332,
NN18-0038,Potash,10/30/2018,14:30,Grab/Isco,Stream,,11,,,,From Meghan's Major_ion_chemistry_data file,19.26012422,2.740792052,13.46982433,149.5139791,-0.034714842,-0.049728578,0.013132997,-0.001076129,0.002069019,2.498258478,290.0063538,0.5815,7.4287,
NN18-0041,Potash,11/19/2018,14:00,Grab/Isco,Stream,,12,,,,From Meghan's Major_ion_chemistry_data file,44.38981893,2.803635274,16.10033238,197.7371284,-0.057644018,-0.070098811,0.060433617,-0.001325689,0.002464542,2.650082355,364.0123091,0.6943,8.8019,
,Potash,4/3/2019,15:00,Grab/Isco,Stream,,13,,,,From Meghan's Major_ion_chemistry_data file,52.90101371,2.974457012,15.23231823,200.6996083,-0.031628181,0.03054169,0.105263925,0.002524085,0.003178257,3.045219191,413.7612543,0.7254,6.9416,
,Potash,4/15/2019,14:15,Grab/Isco,Stream,,14,,,,From Meghan's Major_ion_chemistry_data file,37.01369168,2.438421227,12.346836,154.3440638,-0.022592994,0.020531319,0.028910144,0.001454148,0.00011318,2.301224748,417.6444448,0.5827,7.4569,
,Potash,4/23/2019,12:20,Grab/Isco,Stream,,15,,,,From Meghan's Major_ion_chemistry_data file,58.89874483,2.826225342,15.66548877,183.6217431,-0.028406501,0.02491256,0.04513601,0.000347553,-0.002770328,2.022230674,483.8634983,0.6587,8.9743,
,Potash,5/20/2019,14:30,Grab/Isco,Stream,,16,,,,From Meghan's Major_ion_chemistry_data file,44.72632309,1.952572613,11.05080534,103.9736489,-0.023494785,0.006116354,-0.00014562,0.001303252,-0.000525794,2.78398902,181.4551525,0.1926,3.4618,
,Potash,6/19/2019,13:00,Grab/Isco,Stream,,17,,,,From Meghan's Major_ion_chemistry_data file,50.50319755,3.15371143,16.70318563,233.4571222,-0.03393817,0.022686874,0.03704408,0.000141256,-0.003410351,2.073703356,405.5491113,0.7062,6.1792,
,Potash,7/2/2019,14:00,Grab/Isco,Stream,,18,,,,From Meghan's Major_ion_chemistry_data file,90.96931715,2.825236852,16.02094105,210.8685678,-0.036039301,0.021899112,0.030227779,0.000518192,0.033103976,3.003388973,343.244874,0.6141,4.8331,
,Potash,7/18/2019,13:30,Grab/Isco,Stream,,19,,,,From Meghan's Major_ion_chemistry_data file,55.42250838,2.871935216,13.18420365,199.5317772,-0.029805829,0.032241222,0.017090452,0.000678605,-0.003665252,3.004098184,333.7800292,0.5223,4.2396,
,Potash,7/29/2019,12:45,Grab/Isco,Stream,,20,,,,From Meghan's Major_ion_chemistry_data file,59.43109188,3.645968757,13.75780366,273.1461763,-0.029580428,0.017057736,0.015972247,0.001169389,0.003799544,2.556553331,500.6242435,0.528,5.3369,
,Potash,8/12/2019,13:45,Grab/Isco,Stream,,21,,,,From Meghan's Major_ion_chemistry_data file,60.85000932,3.410031724,14.18894485,238.6888056,-0.029837724,0.041470942,0.024309407,0.0000951473,0.001732413,2.795523305,419.6285335,0.5628,6.7625,
,Potash,8/26/2019,14:30,Grab/Isco,Stream,,22,,,,From Meghan's Major_ion_chemistry_data file,54.94605515,3.540097138,15.3941353,239.164826,-0.009184686,0.129858961,0.02298121,0.000210675,0.020089702,3.056403046,695.0503113,1.1654,11.116,
,Potash,9/10/2019,14:30,Grab/Isco,Stream,,23,,,,From Meghan's Major_ion_chemistry_data file,59.51299586,2.744970794,13.58164282,186.7226922,-0.026737653,0.030810517,0.015731321,-0.0000166445,0.005226833,3.31219545,486.3630189,0.722,12.4504,
,Potash,9/26/2019,12:00,Grab/Isco,Stream,,24,,,,From Meghan's Major_ion_chemistry_data file,45.91446181,3.245996644,12.47104082,177.9246071,-0.023728592,0.032644703,0.0326689,0.001326122,0.00636246,2.458052948,299.3203725,0.3548,9.1525,
,Potash,10/10/2019,14:45,Grab/Isco,Stream,,25,,,,From Meghan's Major_ion_chemistry_data file,46.07037602,3.311155338,14.78407863,159.3487003,-0.021786342,0.036645574,0.022410445,0.000880459,0.006042955,3.280063979,359.744228,0.5926,11.5924,
,Potash,10/23/2019,14:45,Grab/Isco,Stream,,26,,,,From Meghan's Major_ion_chemistry_data file,61.68302819,3.146259822,13.63980531,112.2133493,-0.023888974,0.048133872,0.04775876,0.002603514,0.004560309,2.993212545,191.8431124,0.249,7.3117,
,Potash,11/7/2019,12:30,Grab/Isco,Stream,,27,,,,From Meghan's Major_ion_chemistry_data file,51.48904836,3.305621682,16.15129739,153.5516148,-0.028172347,0.043080333,0.105591752,0.0013059,0.004963465,3.839552767,439.8097837,1.2743,16.3275,
,Potash,11/20/2019,15:00,Grab/Isco,Stream,,28,,,,From Meghan's Major_ion_chemistry_data file,54.10616654,3.296610599,16.08268973,319.8311031,-0.026318097,0.005747842,0.115450997,0.000578383,0.001525161,3.352604506,526.7323268,0.6444,7.9333,
,Potash,12/5/2019,11:15,Grab/Isco,Stream,,29,,,,From Meghan's Major_ion_chemistry_data file,51.24935236,3.310928118,17.96983401,300.1081633,-0.027726431,0.005865412,0.095330583,-0.000269023,0.001263872,2.954558536,718.8398383,1.3525,12.839,
RI19-WB-SNOW-2,Wade,3/28/2019,12:00,Snow,Endmember,GW19-033,6,SNOW,,FILTERED,From Meghan's Major_ion_chemistry_data file. Most EMs have artificial time 12:00 MED.,0.204892715,0.098430294,0.030994691,0.074999567,0.010246674,0.007825832,0.003226163,0.008565442,0.007324079,0.003047912,0.114266,0.058384,0.0792749,0.05
RI19-WB-SNOW-3,Wade,3/13/2019,12:00,Snow,Endmember,GW19-021,7,SNOW,,FILTERED,From Meghan's Major_ion_chemistry_data file. Most EMs have artificial time 12:00 MED.,0.190700279,0.110116965,0.0299577,0.079184464,0.011306058,0.008422698,0.003622338,0.008560431,0.010680857,0.003047912,0.117952,0.058384,0.1045754,0.05
RI19-HB-SNOW-1,Hungerford,3/28/2019,12:00,Snow,Endmember,GW19-039,1,SNOW,,FILTERED,From Meghan's Major_ion_chemistry_data file. Most EMs have artificial time 12:00 MED.,0.34934394,0.143927842,0.040549096,0.197902625,0.020058186,0.013245701,0.003401317,0.009009217,0.00379929,0.003047912,0.143754,0.044144,0.0489143,0.05
RI20-WB-DRY-SW-WD1-45,Wade,11/6/2019,12:00,Soil water lysimeter dry,Endmember,SW,62,DRY,45,WD1,From Meghan's Major_ion_chemistry_data file. Most EMs have artificial time 12:00 MED.,0.311774324,0.150588334,0.05209424,0.301643521,0.349103775,0.104476407,0.004007064,0.009181707,0.016526143,0.160332965,0.180614,0.05,0.1669833,0.05
RI20-WB-SNOW-4,Wade,2/27/2020,12:00,Snow,Endmember,WB1,8,SNOW,,FILTERED,From Meghan's Major_ion_chemistry_data file. Most EMs have artificial time 12:00 MED.,0.211606406,0.16359017,0.043482173,0.103691536,0.011583814,0.008419541,0.006016734,0.008814895,0.005234844,0.003047912,0.187986,0.062656,0.05,0.05
RI20-WB-DRY-SW-PIT 3-30,Wade,4/20/2018,12:00,Soil water lysimeter dry,Endmember,SW,60,DRY,30,PIT 3,From Meghan's Major_ion_chemistry_data file. Most EMs have artificial time 12:00 MED.,0.385304279,0.241564239,0.076722183,0.43762524,0.162030327,0.036948903,0.005281816,0.009482358,0.025650779,0.237856616,0.187986,0.09256,0.3154129,0.05
RI19-WB-DRY-SW-WD1-30,Wade,11/8/2018,12:00,Soil water lysimeter dry,Endmember,SW,58,DRY,30,WD1,From Meghan's Major_ion_chemistry_data file. Most EMs have artificial time 12:00 MED.,1.18880668,0.240876994,0.101122699,0.278433478,0.49372027,0.218108732,0.010359878,0.009731011,0.059970674,0.17399862,0.210102,0.307584,0.2293912,0.05
RI20-WB-DWG-1,Wade,6/23/2020,12:00,Groundwater,Endmember,1,85,Deep groundwater,,,From Meghan's Major_ion_chemistry_data file. Most EMs have artificial time 12:00 MED.,15.60801468,0.44517331,4.659347956,3.377687556,0.000681018,0.016885749,0.002453752,0.008674641,0.02914812,6.133720311,0.228532,0.065504,3.0040127,0.05
RI20-WB-DRY-SW-PIT 1-45,Wade,10/30/2019,12:00,Soil water lysimeter dry,Endmember,SW,64,DRY,45,PIT 1,From Meghan's Major_ion_chemistry_data file. Most EMs have artificial time 12:00 MED.,0.409391098,0.186285847,0.062298918,0.27735536,0.413325819,0.125971144,0.005277322,0.009161328,0.127734835,0.185424929,0.29488,0.07832,0.2142109,0.05
RI18-WB-WET-SW-PIT 2-,Wade,7/26/2018,12:00,Soil water lysimeter wet,Endmember,SW,66,WET,,PIT 2,From Meghan's Major_ion_chemistry_data file. Most EMs have artificial time 12:00 MED.,2.023230654,0.863994284,0.473452323,0.16469699,0.175493306,0.072075147,0.038381416,0.010062855,0.026971825,0.083940588,0.309624,0.037024,0.0371074,0.05
RI20-WB-DRY-SW-WD1-30,Wade,11/6/2019,12:00,Soil water lysimeter dry,Endmember,SW,59,DRY,30,WD1,From Meghan's Major_ion_chemistry_data file. Most EMs have artificial time 12:00 MED.,0.754534392,0.169066039,0.063345013,0.372629658,0.347428019,0.20637944,0.006651143,0.009792971,0.034705738,0.165509796,0.31331,0.11392,0.0151803,0.05
RI18-WB-WET-SW-PIT 3-,Wade,4/13/2018,12:00,Soil water lysimeter wet,Endmember,SW,56,WET,,PIT 3,From Meghan's Major_ion_chemistry_data file. Most EMs have artificial time 12:00 MED.,5.930067405,0.256855764,0.916239933,1.065872285,0.021805491,0.019582865,0.016004976,0.009153782,0.006105628,2.73117459,0.316996,0.05,1.7693483,0.05
RI18-WB-WET-SW-WW2-,Wade,9/27/2018,12:00,Soil water lysimeter wet,Endmember,SW,65,WET,,WW2,From Meghan's Major_ion_chemistry_data file. Most EMs have artificial time 12:00 MED.,2.193388261,1.219797084,0.465598618,0.157709378,0.126155177,0.078493036,0.068033611,0.009895032,0.034510619,0.115015674,0.320682,0.05,0.05,0.05
RI20-WB-DRY-SW-WD2-45,Wade,11/6/2019,12:00,Soil water lysimeter dry,Endmember,SW,55,DRY,45,WD2,From Meghan's Major_ion_chemistry_data file. Most EMs have artificial time 12:00 MED.,1.200839641,0.323952522,0.181539221,0.420678659,0.259419648,0.017403841,0.008867654,0.009083134,0.035456846,0.176748991,0.335426,0.599504,0.2732454,0.05
RI19-HB-SNOW-3,Hungerford,3/13/2019,12:00,Snow,Endmember,GW19-0256,3,SNOW,,FILTERED,From Meghan's Major_ion_chemistry_data file. Most EMs have artificial time 12:00 MED.,0.466175044,0.137730005,0.039467206,0.28294318,0.011901966,0.013464401,0.005018196,0.00884975,0.027007461,0.003047912,0.353856,0.051264,0.16867,0.05
RI19-WB-DRY-SW-WD1-45,Wade,11/8/2018,12:00,Soil water lysimeter dry,Endmember,SW,57,DRY,45,WD1,From Meghan's Major_ion_chemistry_data file. Most EMs have artificial time 12:00 MED.,0.879874884,0.229765367,0.149165422,0.459712429,0.37126708,0.262425417,0.006228522,0.010093605,0.042298498,0.14585749,0.390716,0.06408,0.3137262,0.05
RI18-WB-WET-SW-WW3-30,Wade,9/27/2018,12:00,Soil water lysimeter wet,Endmember,SW,63,WET,30,WW3,From Meghan's Major_ion_chemistry_data file. Most EMs have artificial time 12:00 MED.,0.510720767,0.364818022,0.136599113,0.295956089,0.26533987,0.186526203,0.01869238,0.009753168,0.024354709,0.083031162,0.431262,0.05,0.0759015,0.05
RI20-WB-WET-SW-WW3-,Wade,11/6/2019,12:00,Soil water lysimeter wet,Endmember,SW,61,WET,,WW3,From Meghan's Major_ion_chemistry_data file. Most EMs have artificial time 12:00 MED.,0.470035659,0.207057476,0.085997535,0.557144765,0.217348992,0.029233625,0.007358661,0.009616032,0.053478068,0.103583062,0.493924,0.165184,0.2428848,0.05
RI18-WB-WET-SW-PIT 8- 'M',Wade,2/16/2018,12:00,Soil water lysimeter wet,Endmember,SW,68,WET, 'M',PIT 8,From Meghan's Major_ion_chemistry_data file. Most EMs have artificial time 12:00 MED.,6.642516931,0.405860154,0.844493939,1.102780625,0.054262915,0.031384544,0.021229849,0.00943873,0.016309906,3.845567139,0.711398,0.07832,4.2133766,0.05
RI18-WB-SGW3-1,Wade,2/20/2018,10:05,Groundwater,Endmember,WW3,69,GW,,GW18-0028,From Meghan's Major_ion_chemistry_data file. Most EMs have artificial time 12:00 MED.,10.48052409,0.530480424,1.545481457,1.459890043,0.017768083,0.493814714,0.633702272,0.017858211,0.010861331,4.34284098,0.844094,0.0356,1.1992437,0.05
RI20-WB-SGW3-16,Wade,9/11/2019,22:57,Groundwater,Endmember,WW3,84,GW,,GW19-220,From Meghan's Major_ion_chemistry_data file. Most EMs have artificial time 12:00 MED.,14.22439966,0.369323992,2.013014828,1.519476473,0.013756485,0.059751867,0.425594246,0.009125274,0.014407732,5.066330179,0.844094,0.05,1.0238269,0.05
RI19-WB-SGW3-15,Wade,7/24/2019,9:10,Groundwater,Endmember,WW3,83,GW,,GW19-204,From Meghan's Major_ion_chemistry_data file. Most EMs have artificial time 12:00 MED.,14.70029008,0.429978998,2.191809988,1.457761861,0.000681018,1.219464099,1.739630212,0.008528294,0.005056254,4.153503764,0.862524,0.05,0.2580651,0.05
RI19-WB-SGW3-14,Wade,6/26/2019,9:12,Groundwater,Endmember,WW3,82,GW,,GW19-174,From Meghan's Major_ion_chemistry_data file. Most EMs have artificial time 12:00 MED.,16.81941247,0.323359189,2.469533043,1.672644501,0.000377101,0.793951592,0.880178278,0.008746712,0.005716651,5.415238893,0.880954,0.05,1.0137067,0.05
RI18-WB-SGW3-5,Wade,9/12/2018,17:10,Groundwater,Endmember,WW3,73,GW,,GW18-331,From Meghan's Major_ion_chemistry_data file. Most EMs have artificial time 12:00 MED.,12.17994073,0.421287206,1.65672177,1.3658929,0.000787823,0.133995534,0.74479814,0.008719076,0.009019954,5.044035477,0.932558,0.05,0.5582977,0.05
RI19-19WB-SGW3-9,Wade,2/21/2019,12:00,Groundwater,Endmember,WW3,77,GW,,GW19-008,From Meghan's Major_ion_chemistry_data file. Most EMs have artificial time 12:00 MED.,12.12670409,0.30952176,1.911624651,1.485425027,0.000681018,0.085371585,0.824907128,0.008868023,0.005219402,4.312615207,0.936244,0.05,1.4218881,0.05
RI19-HB-SNOW-2,Hungerford,2/21/2019,12:00,Snow,Endmember,GW19-013,2,SNOW,,FILTERED,From Meghan's Major_ion_chemistry_data file. Most EMs have artificial time 12:00 MED.,1.1050109,0.162222334,0.087188845,0.519667186,0.011203097,0.0168855,0.005298177,0.009023563,0.015015388,0.003047912,0.9807976,0.1270118,0.295418,0.05
RI18-WB-DRY-SW-WD2-15,Wade,9/27/2018,12:00,Soil water lysimeter dry,Endmember,SW,67,DRY,15,WD2,From Meghan's Major_ion_chemistry_data file. Most EMs have artificial time 12:00 MED.,1.64312323,0.208186173,0.343913846,0.408631229,0.414851827,0.02838677,0.015040245,0.010516664,0.082337287,0.126331128,1.028394,0.610896,0.2917991,0.05
RI19-WB-SGW3-13,Wade,6/5/2019,8:53,Groundwater,Endmember,WW3,81,GW,,GW19-141,From Meghan's Major_ion_chemistry_data file. Most EMs have artificial time 12:00 MED.,20.70577466,0.376464323,3.088316889,1.765805476,0.020487451,0.809517545,1.38548404,0.008566572,0.005431864,5.948957586,1.05051,0.05,1.7777818,0.05
RI18-HB-WET-SW-PIT 3-30,Hungerford,7/13/2018,12:00,Soil water lysimeter wet,Endmember,SW,26,WET,30,PIT 3,From Meghan's Major_ion_chemistry_data file. Most EMs have artificial time 12:00 MED.,15.84047255,1.257657203,2.703700637,2.604299643,0.000681018,0.010585079,0.003607349,0.000541998,0.107817953,2.26370324,1.0978236,0.680888,1.273094,0.05
RI18-WB-SGW3-3,Wade,5/8/2018,12:00,Groundwater,Endmember,WW3,71,GW,,GW18-183,From Meghan's Major_ion_chemistry_data file. Most EMs have artificial time 12:00 MED.,22.32989008,0.430656699,3.407385228,2.000699013,0.000681018,0.274687248,1.083221561,0.008408995,0.004251978,6.42221454,1.238496,0.05,2.4592086,0.05
RI19-WB-SGW3-8,Wade,11/8/2018,15:22,Groundwater,Endmember,WW3,76,GW,,GW18-397,From Meghan's Major_ion_chemistry_data file. Most EMs have artificial time 12:00 MED.,13.50175691,0.449515337,1.965020061,1.562758366,0.000681018,0.040593228,0.760850658,0.008829126,0.005109512,5.319803326,1.242182,0.05,1.248158,0.05
RI18-WB-SGW3-4,Wade,5/22/2018,12:00,Groundwater,Endmember,WW3,72,GW,,0,From Meghan's Major_ion_chemistry_data file. Most EMs have artificial time 12:00 MED.,24.02359522,0.41815017,3.600832219,2.074525274,0.000681018,0.224798959,1.016482865,0.00864749,0.004692866,6.474950183,1.260612,0.05,2.260178,0.05
RI19-WB-SGW3-11,Wade,5/7/2019,19:07,Groundwater,Endmember,WW3,79,GW,,GW19-111,From Meghan's Major_ion_chemistry_data file. Most EMs have artificial time 12:00 MED.,23.89771243,0.469695019,3.716876642,2.125452934,0.000681018,0.491083043,1.329509912,0.008718644,0.007126366,6.541057908,1.264298,0.05,2.2315041,0.05
RI19-WB-SGW3-7,Wade,10/18/2018,12:00,Groundwater,Endmember,WW3,75,GW,,GW18-381,From Meghan's Major_ion_chemistry_data file. Most EMs have artificial time 12:00 MED.,12.32461729,0.554125073,1.837098056,1.455772402,0.000632858,0.071987246,0.193867229,0.009209105,0.005707396,5.297162216,1.279042,0.05,1.2211708,0.05
RI19-WB-SGW3-10,Wade,4/17/2019,8:58,Groundwater,Endmember,WW3,78,GW,,GW19-091,From Meghan's Major_ion_chemistry_data file. Most EMs have artificial time 12:00 MED.,21.44256797,0.416100232,3.790045677,2.196957326,0.000681018,0.091948528,1.07957958,0.008591038,0.002928449,5.77854848,1.304844,0.05,2.9550984,0.05
RI18-WB-SGW3-6,Wade,9/25/2018,9:20,Groundwater,Endmember,WW3,74,GW,,GW18-338,From Meghan's Major_ion_chemistry_data file. Most EMs have artificial time 12:00 MED.,16.67588188,0.567665452,2.551429154,1.815474459,0.000681018,0.248348691,1.026323479,0.008456156,0.004092631,6.268430686,1.349076,0.05,1.6816399,0.05
RI18-WB-SGW3-2,Wade,4/13/2018,10:06,Groundwater,Endmember,WW3,70,GW,,GW18-0115,From Meghan's Major_ion_chemistry_data file. Most EMs have artificial time 12:00 MED.,21.20587621,0.438370599,3.367570391,1.980420568,0.000681018,0.18161757,0.92617563,0.008575184,0.003301745,6.445326836,1.404366,0.05,2.7645013,0.05
RI19-WB-SGW3-12,Wade,5/16/2019,12:00,Groundwater,Endmember,WW3,80,GW,,0,From Meghan's Major_ion_chemistry_data file. Most EMs have artificial time 12:00 MED.,25.14156397,0.436765108,4.053973831,2.265565222,0.000681018,0.152999885,1.140220198,0.008499563,0.015825014,7.242353351,1.500202,0.05,3.2705113,0.05
RI20-WB-DGW-2,Wade,6/23/2020,12:00,Groundwater,Endmember,2,86,Deep groundwater,304 ft (@8 gpm),,From Meghan's Major_ion_chemistry_data file. Most EMs have artificial time 12:00 MED.,30.24998401,0.427185806,2.934967299,2.332454387,0.000681018,0.012116145,0.005731866,0.010554317,0.01457094,5.188529454,2.112078,0.05,3.8136287,0.05
RI20-HB-SNOW-4,Hungerford,2/28/2020,12:00,Snow,Endmember,HB1,4,SNOW,,FILTERED,From Meghan's Major_ion_chemistry_data file. Most EMs have artificial time 12:00 MED.,0.484332085,0.342814751,0.116014417,1.122932843,0.022085064,0.027372202,0.015677008,0.00933291,0.008191069,0.003047912,2.458562,0.131008,0.1265025,0.05
RI19-WB-SNOW-1,Wade,2/21/2019,12:00,Snow,Endmember,GW19-014,5,SNOW,,FILTERED,From Meghan's Major_ion_chemistry_data file. Most EMs have artificial time 12:00 MED.,2.470599715,0.277929835,0.490084238,1.528159652,0.011046045,0.011573919,0.007302122,0.01415851,0.040990368,0.055830029,2.683408,0.108224,0.5178169,0.05
RI20-HB-WET-SW-PIT 1-45,Hungerford,11/6/2019,12:00,Soil water lysimeter wet,Endmember,SW,25,WET,45,PIT 1,From Meghan's Major_ion_chemistry_data file. Most EMs have artificial time 12:00 MED.,4.062064155,0.065370575,1.180569105,4.283390708,0.049866624,0.050421869,0.007162408,0.000541998,0.061651448,1.409442696,3.4918412,0.5119754,3.186628,0.05
RI18-HB-DRY-SW-PIT 1-45,Hungerford,4/5/2018,12:00,Soil water lysimeter dry,Endmember,SW,29,DRY,45,PIT 1,From Meghan's Major_ion_chemistry_data file. Most EMs have artificial time 12:00 MED.,30.19293565,0.83107905,7.057413706,5.485518451,0.000681018,0.00047986,0.00019185,0.000541998,0.004994334,3.381961863,3.51859,0.2252168,3.09434,0.05
RI18-HB-WET-SW-PIT 1-30,Hungerford,4/3/2018,12:00,Soil water lysimeter wet,Endmember,SW,24,WET,30,PIT 1,From Meghan's Major_ion_chemistry_data file. Most EMs have artificial time 12:00 MED.,4.684745445,0.151703597,1.219389245,2.808011526,0.037871993,0.019472969,0.00817685,0.000541998,0.072880861,1.456324419,3.9164784,1.3041624,1.907574,0.05
RI20-HB-WET-SW-PIT 4-45,Hungerford,10/30/2019,12:00,Soil water lysimeter wet,Endmember,SW,23,WET,45,PIT 4,From Meghan's Major_ion_chemistry_data file. Most EMs have artificial time 12:00 MED.,27.91347082,0.311141317,4.927281632,7.648918423,0.000681018,0.012096161,0.001627738,0.000541998,0.015804593,2.619037813,4.5751676,2.0243324,6.191756,0.05
RI20-HB-WET-SW-HW1-30,Hungerford,1/10/2020,12:00,Soil water lysimeter wet,Endmember,SW,12,WET,30,HW1,From Meghan's Major_ion_chemistry_data file. Most EMs have artificial time 12:00 MED.,5.052087664,0.083652507,1.467808524,4.057266934,0.032041253,0.008768971,0.001148707,0.000541998,0.241439727,1.439479755,4.621978,0.7031478,3.028008,0.05
RI20-HB-DRY-SW-HD1-45,Hungerford,10/30/2019,12:00,Soil water lysimeter dry,Endmember,SW,13,DRY,45,HD1,From Meghan's Major_ion_chemistry_data file. Most EMs have artificial time 12:00 MED.,21.83965198,1.404254612,5.089826982,4.662844702,0.000681018,0.028381289,0.00019185,0.000541998,0.02184726,2.494522811,4.9797432,0.419008,2.902554,0.1605538
RI20-HB-DRY-SW-HD 1-45,Hungerford,1/10/2020,12:00,Soil water lysimeter dry,Endmember,SW,27,DRY,45,HD 1,From Meghan's Major_ion_chemistry_data file. Most EMs have artificial time 12:00 MED.,23.47106225,1.30192559,5.218782078,4.252062621,0.000681018,0.010596282,0.00019185,0.000541998,0.006508106,2.658117957,5.5682168,0.5263788,2.752586,0.05
RI18-HB-WET-SW-HW1-45,Hungerford,5/8/2018,12:00,Soil water lysimeter wet,Endmember,SW,15,WET,45,HW1,From Meghan's Major_ion_chemistry_data file. Most EMs have artificial time 12:00 MED.,7.723604815,0.027033582,2.448324187,5.53708723,0.004201231,0.007436587,0.000333732,0.000541998,0.016713643,3.677958638,5.625058,0.9741936,3.23854,0.05
RI20-HB-DRY-SW-HD1-45,Hungerford,11/6/2019,12:00,Soil water lysimeter dry,Endmember,SW,9,DRY,45,HD1,From Meghan's Major_ion_chemistry_data file. Most EMs have artificial time 12:00 MED.,21.93091066,1.511496573,5.089590734,4.346293782,0.001389096,0.039916019,0.001667932,0.000541998,0.010018396,3.053403651,5.8825152,0.2514048,2.442556,0.126753
RI19-HB-WET-SW-HW 3-30,Hungerford,10/18/2018,12:00,Soil water lysimeter wet,Endmember,SW,28,WET,30,HW 3,From Meghan's Major_ion_chemistry_data file. Most EMs have artificial time 12:00 MED.,43.81087879,1.192910206,6.891898124,4.846948012,0.000681018,0.00047986,0.002167335,0.000541998,0.017680817,3.588391866,7.9455164,19.2043656,7.05263,0.05
RI20-HB-WET-SW-HW4-45,Hungerford,11/6/2019,12:00,Soil water lysimeter wet,Endmember,SW,16,WET,45,HW4,From Meghan's Major_ion_chemistry_data file. Most EMs have artificial time 12:00 MED.,30.61543312,0.197601632,5.152166522,6.875446292,0.000681018,0.015002135,0.00019185,0.000541998,0.005479134,3.439062935,8.2731892,5.2376,6.43257,0.05
RI18-HB--SW-PIT 3-30,Hungerford,6/6/2018,12:00,Soil water lysimeter,Endmember,SW,17,,30,PIT 3,From Meghan's Major_ion_chemistry_data file. Most EMs have artificial time 12:00 MED.,29.21655954,0.723634667,5.624260486,5.056306951,0.000681018,0.029043789,0.089578866,0.000541998,0.030475749,2.982937848,8.3199996,0.5905394,4.286874,0.05
RI18-HB--SW-PIT 5-45,Hungerford,4/20/2018,12:00,Soil water lysimeter,Endmember,SW,18,,45,PIT 5,From Meghan's Major_ion_chemistry_data file. Most EMs have artificial time 12:00 MED.,23.95155731,0.106666186,3.308304312,2.995089804,0.000681018,0.00047986,0.00019185,0.000541998,0.011546008,2.83223605,8.7580112,6.016693,5.710128,0.05
RI19-HB-SGW7-12,Hungerford,5/16/2019,12:00,Groundwater,Endmember,7,43,GW,,0,From Meghan's Major_ion_chemistry_data file. Most EMs have artificial time 12:00 MED.,24.4957649,0.434036601,4.218906494,4.896096676,0.000681018,0.02010438,0.078906116,0.009640808,0.008584486,2.564009844,9.0957148,2.2953782,6.42536,0.05
RI19-HB-SGW7-8,Hungerford,11/8/2018,3:36,Groundwater,Endmember,7,39,GW,,0,From Meghan's Major_ion_chemistry_data file. Most EMs have artificial time 12:00 MED.,35.66743747,0.579949404,7.309764896,8.371751697,0.000681018,0.026158895,0.115165904,0.010059469,0.006129546,3.460751813,9.386608,1.5621142,11.553112,0.05
RI19-HB-SGW7-10,Hungerford,4/17/2019,8:09,Groundwater,Endmember,7,41,GW,,0,From Meghan's Major_ion_chemistry_data file. Most EMs have artificial time 12:00 MED.,26.37688474,0.396681143,4.574358036,4.952230354,0.000681018,0.019846531,0.035705821,0.009568803,0.004246116,2.889230184,9.6106292,3.4659818,7.251626,0.05
RI18-HB-WET-SW-PIT 5-30,Hungerford,4/3/2018,12:00,Soil water lysimeter wet,Endmember,SW,20,WET,30,PIT 5,From Meghan's Major_ion_chemistry_data file. Most EMs have artificial time 12:00 MED.,22.60137192,0.457933518,2.94578138,3.207348353,0.000681018,0.004350651,0.00019185,0.000541998,0.010610946,3.088987035,9.7510604,5.2231966,4.591136,0.05
RI19-HB-SGW7-9,Hungerford,2/21/2019,12:00,Groundwater,Endmember,7,40,GW,,0,From Meghan's Major_ion_chemistry_data file. Most EMs have artificial time 12:00 MED.,26.84335949,0.465841308,4.713054303,6.044582608,0.000681018,0.015454461,0.070021402,0.009534214,0.030266878,2.544103671,10.17336,2.464944,8.231096,0.05
RI19-HB-SGW7-11,Hungerford,5/7/2019,21:12,Groundwater,Endmember,7,42,GW,,0,From Meghan's Major_ion_chemistry_data file. Most EMs have artificial time 12:00 MED.,27.10285759,0.440382791,4.740357804,5.243047245,0.000681018,0.071668068,0.061670977,0.010281715,0.017955575,3.059368215,10.2091336,2.8309228,7.16799,0.05
RI19-HB-SGW7-16,Hungerford,9/11/2019,8:51,Groundwater,Endmember,7,47,GW,,0,From Meghan's Major_ion_chemistry_data file. Most EMs have artificial time 12:00 MED.,38.92358633,0.564095578,6.032244282,6.708401824,0.000681018,0.162774407,0.454095105,0.009142894,0.017978552,3.629813701,10.4030624,0.0078564,7.330936,0.05
RI18-HB-SGW1-1,Hungerford,9/27/2018,0:35,Groundwater,Endmember,1,37,GW,,0,From Meghan's Major_ion_chemistry_data file. Most EMs have artificial time 12:00 MED.,136.1895663,3.457715204,24.49058586,10.75692401,4.572575641,23.81313946,0.701560503,0.047983993,0.131600538,0.54639955,10.4364984,0.1990288,188.7,0.05
RI19-HB-SGW7-13,Hungerford,6/26/2019,13:49,Groundwater,Endmember,7,44,GW,,0,From Meghan's Major_ion_chemistry_data file. Most EMs have artificial time 12:00 MED.,32.19430095,0.618822833,5.22694684,6.016628768,0.000681018,0.024557681,0.315286119,0.009587763,0.033492381,3.372002622,10.9046024,<0.05,7.303538,0.05
RI20-HB--SW-PIT 5-45,Hungerford,10/30/2019,12:00,Soil water lysimeter,Endmember,SW,21,,45,PIT 5,From Meghan's Major_ion_chemistry_data file. Most EMs have artificial time 12:00 MED.,28.3831116,0.441099433,3.633716652,3.12080065,0.000681018,0.00047986,0.00019185,0.000541998,0.032970353,3.77539767,11.1821212,6.6936528,6.498902,0.05
RI19-HB-SGW7-15,Hungerford,8/13/2019,23:09,Groundwater,Endmember,7,46,GW,,GW19-0209,From Meghan's Major_ion_chemistry_data file. Most EMs have artificial time 12:00 MED.,37.23782384,0.627360214,6.233690683,7.250607382,0.000681018,0.036982219,0.320921687,0.009731416,0.00973548,3.745995011,11.2556804,0.05,7.322284,0.05
RI18-HB-SGW7-3,Hungerford,5/1/2018,1:51,Groundwater,Endmember,7,33,GW,,0,From Meghan's Major_ion_chemistry_data file. Most EMs have artificial time 12:00 MED.,27.66074296,0.748012965,5.431928187,6.008715028,0.067683388,0.014998974,0.014091486,0.004453427,0.005994877,1.940259373,11.58257,5.0071456,8.027422,0.05
RI20-HB-WET-SW-PIT 2-30,Hungerford,10/30/2019,12:00,Soil water lysimeter wet,Endmember,SW,22,WET,30,PIT 2,From Meghan's Major_ion_chemistry_data file. Most EMs have artificial time 12:00 MED.,37.1159328,0.821247678,7.174463307,8.331556931,0.000681018,0.002559436,0.012969112,0.000541998,0.009667587,4.138992737,11.734195,2.2076484,11.907844,0.05
RI19-HB-WET-SW-HW2-30,Hungerford,11/5/2018,12:00,Soil water lysimeter wet,Endmember,SW,10,WET,30,HW2,From Meghan's Major_ion_chemistry_data file. Most EMs have artificial time 12:00 MED.,39.11074114,1.292581369,7.609031441,7.087733938,0.000681018,0.002539922,0.00019185,0.004770566,0.029874225,3.799607641,12.1253875,9.1557192,16.630394,0.05
RI18-HB-DRY-SW-PIT 2-48,Hungerford,2/22/2018,12:00,Soil water lysimeter dry,Endmember,SW,19,DRY,48,PIT 2,From Meghan's Major_ion_chemistry_data file. Most EMs have artificial time 12:00 MED.,36.73494082,0.859187828,5.701812412,9.107215452,0.000681018,0.005956989,0.014046069,0.000541998,0.018408044,1.43229064,12.16481,1.1548908,12.154426,0.05
RI19-HB-SGW7-14,Hungerford,7/24/2019,22:13,Groundwater,Endmember,7,45,GW,,0,From Meghan's Major_ion_chemistry_data file. Most EMs have artificial time 12:00 MED.,26.5538373,0.638961725,5.058848561,5.720722877,0.000681018,0.067676133,0.37766144,0.009269439,0.016046322,2.45128387,12.656075,0.0052376,8.00435,0.05
RI18-HB-SGW7-4,Hungerford,5/22/2018,12:00,Groundwater,Endmember,7,34,GW,,0,From Meghan's Major_ion_chemistry_data file. Most EMs have artificial time 12:00 MED.,26.77953593,0.816754362,5.504240253,6.377497189,0.068492227,0.009948194,0.042280896,0.00383683,0.004238161,3.062933217,13.007845,1.0291884,9.260332,0.05
RI18-HB-SGW7-2,Hungerford,4/13/2018,9:37,Groundwater,Endmember,7,32,GW,,0,From Meghan's Major_ion_chemistry_data file. Most EMs have artificial time 12:00 MED.,28.76116299,0.176441905,5.173464691,5.752913121,0.000681018,0.00047986,0.00775897,0.000541998,0.000505057,2.434085434,13.699255,2.2364552,9.315128,0.05
RI18-HB-DRY-SW-PIT 2-30,Hungerford,2/16/2018,12:00,Soil water lysimeter dry,Endmember,SW,30,DRY,30,PIT 2,From Meghan's Major_ion_chemistry_data file. Most EMs have artificial time 12:00 MED.,29.69747805,0.19711936,4.487712438,6.409952388,0.031549412,0.085472607,0.011388396,0.000541998,0.013180609,4.596629627,13.929725,2.02957,12.725458,0.05
RI20-HB-WET-SW-HW4-30,Hungerford,1/10/2020,12:00,Soil water lysimeter wet,Endmember,SW,11,WET,30,HW4,From Meghan's Major_ion_chemistry_data file. Most EMs have artificial time 12:00 MED.,35.47270402,0.420255515,6.049315153,7.810624018,0.000681018,0.00047986,0.00019185,0.000541998,0.038306619,2.828618192,13.9691475,4.6667016,8.131246,0.05
RI18-HB-SGW7-1,Hungerford,2/15/2018,8:46,Groundwater,Endmember,7,31,GW,,GW18-0011,From Meghan's Major_ion_chemistry_data file. Most EMs have artificial time 12:00 MED.,26.69339514,0.147393114,4.397581794,5.794137414,0.000681018,0.00047986,0.008649688,0.000541998,0.002336147,2.87308752,15.10027,1.6603192,10.046222,0.05
RI19-HB-SGW7-7,Hungerford,10/16/2018,12:00,Groundwater,Endmember,7,38,GW,,0,From Meghan's Major_ion_chemistry_data file. Most EMs have artificial time 12:00 MED.,46.65890843,0.696382891,7.938875644,9.546936173,0.000681018,0.078150456,0.32794727,0.009660044,0.008599531,3.959324491,15.1124,0.1099896,12.12847,0.05
RI18-HB-SGW7-5,Hungerford,9/25/2018,16:00,Groundwater,Endmember,7,35,GW,,0,From Meghan's Major_ion_chemistry_data file. Most EMs have artificial time 12:00 MED.,43.83132643,1.033108748,7.524057764,10.27687538,0.000681018,0.150377055,0.262588272,0.0121032,0.023994472,2.791030409,16.222295,0.0366632,6.074954,0.05
RI20-HB-WET-SW-HW5-45,Hungerford,11/6/2019,12:00,Soil water lysimeter wet,Endmember,SW,14,WET,45,HW5,From Meghan's Major_ion_chemistry_data file. Most EMs have artificial time 12:00 MED.,33.32740757,0.317700631,4.198515121,3.223637657,0.000681018,0.000974767,0.000762556,0.000541998,0.005365947,3.570897972,16.64078,5.8608744,10.351926,0.05
RI18-HB-SGW7-6,Hungerford,9/27/2018,16:28,Groundwater,Endmember,7,36,GW,,0,From Meghan's Major_ion_chemistry_data file. Most EMs have artificial time 12:00 MED.,40.51618231,0.76306061,7.89688105,10.7597215,0.000681018,0.037377777,0.046694587,0.009983212,0.006409737,2.842531252,17.508075,0.032735,7.880338,0.05
RI19-HB-TD-4,Hungerford,4/17/2019,12:00,Tile drain,Endmember,GW19-087,51,TILE DRAIN,,FILTERED,From Meghan's Major_ion_chemistry_data file. Most EMs have artificial time 12:00 MED.,57.99880091,0.840980495,13.72546017,14.92908386,0.000681018,0.060834923,0.033789997,0.008542492,0.003973205,5.025590616,25.2173674,0.3705602,12.87831,0.05
RI19-HB-TD-5,Hungerford,10/3/2018,12:00,Tile drain,Endmember,GW18-372,52,TILE DRAIN,,FILTERED,From Meghan's Major_ion_chemistry_data file. Most EMs have artificial time 12:00 MED.,73.12393417,0.999242651,15.17966814,17.97443464,0.000681018,0.033085731,0.029905869,0.008190203,0.014710971,7.515805668,36.3478934,0.039282,19.368752,0.05
RI19-HB-TD-2,Hungerford,10/16/2018,12:00,Tile drain,Endmember,GW18-378,49,TILE DRAIN,,FILTERED,From Meghan's Major_ion_chemistry_data file. Most EMs have artificial time 12:00 MED.,66.59482713,1.083060183,16.66207064,19.94102194,0.000681018,0.01310931,0.017567616,0.008198884,0.00574613,7.212596053,37.243234,0.0209504,19.368752,0.05
RI18-HB-TD-1,Hungerford,8/1/2018,12:00,Tile drain,Endmember,GW18-0323,48,TILE DRAIN,,FILTERED,From Meghan's Major_ion_chemistry_data file. Most EMs have artificial time 12:00 MED.,79.6807811,1.104686791,17.29792072,20.93277267,0.000681018,0.025340687,0.032977423,0.007780141,0.040195272,7.098290508,37.4255678,0.0576136,18.590072,0.05
RI18-HB-TD-3,Hungerford,9/27/2018,12:00,Tile drain,Endmember,,50,TILE DRAIN,,FILTERED,From Meghan's Major_ion_chemistry_data file. Most EMs have artificial time 12:00 MED.,71.65038654,1.099385839,17.01039859,20.256371,0.000681018,0.020243341,0.025354049,0.007924575,0.023431917,7.289148956,37.773907,0.032735,18.753018,0.05
RI18-HB-TD-6,Hungerford,9/25/2018,12:00,Tile drain,Endmember,GW18-342,53,TILE DRAIN,,FILTERED,From Meghan's Major_ion_chemistry_data file. Most EMs have artificial time 12:00 MED.,77.06342327,1.090677479,16.88732855,20.06043207,0.000681018,0.014427648,0.026002725,0.008034531,0.010595713,7.369548868,44.9692,0.029904,15.2319655,0.05
RI20-HB-DGW-Mark-1,Hungerford,6/23/2020,12:50,Groundwater,Endmember,Mark's well,54,Deep groundwater,~ 500-600 ft,44005,From Meghan's Major_ion_chemistry_data file. Most EMs have artificial time 12:00 MED.,85.29008263,2.644352692,21.07767786,17.7450051,0.000681018,0.019262386,0.075586447,0.012374247,0.057225878,7.40864048,51.8932176,0.22784,16.2021963,0.05
