Sample ID,Site,Date,Time,Time Zone,Type,Type2,Freezer bag #,UVM ICPOES prep date,Index-notes,ICPOES-notes-MED,Al_mg_L,Ba_mg_L,Ca_mg_L,Fe_mg_L,K_mg_L,Mg_mg_L,Mn_mg_L,Na_mg_L,P_mg_L,S_mg_L,Si_mg_L,Sr_mg_L,Zn_mg_L,Cu_mg_L,Cl_mg_L,IC-notes_MED,dD,d18O,NRS_LWIA_notes
RI24-1418,Wade,12/19/2023,11:00,EST,Snowmelt lysimeter,Endmember,,05/21/2024,Dry site lysimeter,DartmouthID_AS-061025-146,0.0093401889249047,0.0026757259571924,6.4216020367105,0.0055728464522506,1.10210458718038,2.0553962205514,0.0029486674679994,2.11030481776085,0.0161624150683374,0.366351292220491,1.60541992643776,0.0288768722897383,0.143110948700473,,2.958,Run 2025-07-21,-123.17,-17.298,
RI24-1419,Wade,12/19/2023,11:30,EST,Soil water lysimeter wet,Endmember,,05/21/2024,Wet site lysimeter,DartmouthID_AS-061025-152,0.456166801535497,0.0110697588532729,1.49180709707671,0.0541854801088563,0.572828264720966,0.2685030063957,0.0122652189596925,0.356769166134891,0.0277393435542943,0.81234649316421,1.27161193295264,0.0133558954313582,0.116163639862738,,3.177,Run 2025-07-21,-60.017,-9.172,
RI24-1420,Wade,12/19/2023,12:00,EST,Soil water lysimeter dry,Endmember,,05/21/2024,Dry site lysimeter,DartmouthID_AS-061025-162,0.736171147470417,0.0090682491491102,0.858941566800132,0.216255741046689,0.278540049787593,0.310526288452836,0.0100404181948112,0.361980813179073,0.007031472337809,0.682493684399541,1.06242959457586,0.0060975957285925,0.443365587890954,,3.041,Run 2025-07-21,-100.162,-14.696,
RI24-1415,Hungerford,12/20/2023,9:30,EST,Snowmelt lysimeter,Endmember,,05/21/2024,Wet site lysimeter,DartmouthID_AS-061025-157,0.0096198242074704,0.0029491797109797,4.70277981917326,0.0061298493596715,1.70404439561823,2.35433564653784,0.0016552155918288,11.812029731631,0.0339328508209458,0.312199161807893,1.4172924153914,0.0257779149491529,0.150548781570325,,4.043,Run 2025-06-05,-123.809,-17.231,
RI24-1416,Hungerford,12/20/2023,9:45,EST,Soil water lysimeter wet,Endmember,,05/21/2024,Wet site lysimeter,,,,,,,,,,,,,,,,5.064,Run 2025-07-21,-62.853,-9.877,
RI24-1422,Potash,01/08/2024,11:30,EST,Snow,Endmember,,05/21/2024,Spear St snow,DartmouthID_AS-061025-155,0.0033868279799188,-6.28615798278491E-05,0.177868934271168,0.0015683453854584,0.140769063967067,0.0129490201691071,0.0002078923357689,0.973774901411688,-0.0009534281396155,0.0592968715344052,-0.0044309645429649,0.0001152657436194,0.0407648970501766,,3.535,Run 2025-07-21,-150.36,-21.373,
RI24-1421,Wade,01/22/2024,10:45,EST,Snow,Endmember,,05/21/2024,Dry site snow and rain mix,DartmouthID_AS-061025-156,0.0093051249969749,0.0019774126565885,0.469660576142243,0.0036123483417132,0.274553333050017,0.0691221846133769,0.0080939093508421,0.347504942863083,0.0156683663230229,0.21775324654557,0.0113744674980154,0.001905797267995,0.427535219809367,,3.131,Run 2025-06-05,-93.003,-13.846,
RI24-1417,Hungerford,01/25/2024,11:00,EST,Snowmelt lysimeter,Endmember,,05/21/2024,Wet site lysimeter,DartmouthID_AS-061025-159,0.009286321725069,0.0071948680930558,10.5272144987431,0.0110533640451155,3.82262123793148,10.9752974071741,0.0077234344973359,8.3939332885478,0.0572067676038611,0.819163953291818,2.93561810180913,0.0756159820645211,0.214752077607589,,6.392,Run 2025-07-21,-86.159,-12.902,
RI24-1241,Wade,02/08/2024,12:00,EST,Isco,Stream,,03/28/2024,,UVM-Aglab_Replaced with 2nd run,-0.01,,13.625,0.38,0.777,1.625,0.411,1.466,-0.007,,1.796,,0.003,0.007,,,-84.083,-12.489,
RI24-1242,Wade,02/08/2024,15:00,EST,Isco,Stream,,03/28/2024,,UVM-Aglab_Replaced with 2nd run,0.001,,9.377,0.709,0.752,1.124,0.297,1.085,-0.003,,0.967,,0.011,0.009,,,,,
RI24-1243,Wade,02/08/2024,18:00,EST,Isco,Stream,,03/28/2024,,UVM-Aglab_Replaced with 2nd run,-0.011,,21.029,4.265,0.926,2.511,1.271,2.04,-0.002,,2.409,,0.013,0.006,,,,,
RI24-1244,Wade,02/08/2024,21:00,EST,Isco,Stream,,03/28/2024,,UVM-Aglab_Replaced with 2nd run,-0.002,,10.722,1.537,0.723,1.269,0.427,1.143,-0.01,,1.517,,0.001,0.006,,,,,
RI24-1412,Wade,02/08/2024,10:45,EST,Grab,Stream,,07/18/2024,,UVM-Aglab_,-0.004,,9.767,1.132,0.728,1.199,0.424,1.094,-0.001,,1.611,,0.054,0.007,,,,,
RI24-1251,Potash,02/08/2024,14:00,EST,Isco,Stream,,05/02/2024,,UVM-Aglab_Replaced with 2nd run,-0.042,,37.274,0.001,4.895,19.945,0.075,204.059,0.169,,2.066,,-0.001,0.006,,,-72.82,-10.684,
RI24-1252,Potash,02/08/2024,17:00,EST,Isco,Stream,,05/02/2024,,UVM-Aglab_Replaced with 2nd run,-0.063,,54.753,0.005,7.922,28.827,0.136,328.393,0.217,,2.521,,0.002,0.006,,,,,
RI24-1253,Potash,02/08/2024,20:00,EST,Baseflow,Endmember,,05/02/2024,Candidate for baseflow,UVM-Aglab_Replaced with 2nd run,-0.067,,65.519,0.009,7.295,28.341,0.183,297.517,0.221,,2.579,,0.004,0.006,,,-72.169,-10.467,
RI24-1254,Potash,02/08/2024,23:00,EST,Isco,Stream,,05/02/2024,,UVM-Aglab_Replaced with 2nd run,-0.097,,87.988,0.012,11.858,43.123,0.25,452.904,0.316,,2.603,,0.014,0.006,,,,,
RI24-1259,Hungerford,02/08/2024,15:00,EST,Baseflow,Endmember,,05/02/2024,Candidate for baseflow,UVM-Aglab_Replaced with 2nd run,-0.046,,43.261,0.012,3.412,12.98,0.034,27.861,0.114,,3.322,,0,0.006,,,-74.789,-11.023,
RI24-1260,Hungerford,02/08/2024,18:00,EST,Isco,Stream,,05/02/2024,,UVM-Aglab_Replaced with 2nd run,-0.046,,41.997,0.012,3.522,11.608,0.033,25.054,0.116,,2.564,,-0.005,0.006,,,,,
RI24-1261,Hungerford,02/08/2024,21:00,EST,Isco,Stream,,05/02/2024,,UVM-Aglab_Replaced with 2nd run,-0.031,,27.956,0.008,2.79,10.669,0.019,21.79,0.099,,2.577,,-0.008,0.006,,,,,
RI24-1008,Hungerford,02/09/2024,15:00,EST,Isco,Stream,,,,,,,,,,,,,,,,,,,20.7365,Run 2024-09-24,-75.883,-11.068,
RI24-1008,Hungerford,02/09/2024,15:00,EST,Isco,Stream,,,,,,,,,,,,,,,,,,,23.4489364,Run 2024-10-17,-75.883,-11.068,
RI24-1009,Hungerford,02/09/2024,18:00,EST,Isco,Stream,,,,,,,,,,,,,,,,,,,356.2969,Run 2024-09-24,-75.894,-11.136,
RI24-1009,Hungerford,02/09/2024,18:00,EST,Isco,Stream,,,,,,,,,,,,,,,,,,,23.20396983,Run 2024-10-17,-75.894,-11.136,
RI24-1010,Hungerford,02/09/2024,21:00,EST,Isco,Stream,,,,,,,,,,,,,,,,,,,328.3752,Run 2024-09-24,-76.141,-11.3,
RI24-1016,Potash,02/09/2024,14:00,EST,Isco,Stream,,,,DartmouthID_duffy-030625-009,0.0053531396957754,0.0103920213761295,22.6391035622452,0.0153679812104681,2.53132061145437,15.9893967707825,0.0320634939043044,169.162157539171,0.0134735595976096,6.71913570339917,6.48482317331244,0.136733596135898,0.0025634569385671,,262.8609,Run 2024-09-24,-73.344,-10.888,
RI24-1017,Potash,02/09/2024,17:00,EST,Isco,Stream,,,,DartmouthID_duffy-030625-010,0.00666192389441,0.0171671071075111,35.5911007652004,0.0203481801432405,2.56876045999817,16.1318510619127,0.074652988504433,167.73259624352,0.0176054271756571,6.83573725529696,6.1137242073472,0.176341365672577,0.0043846862938774,,,,,,
RI24-1018,Potash,02/09/2024,20:00,EST,Isco,Stream,,,,DartmouthID_duffy-030625-011,0.0057584068811406,0.0158709284790738,33.4416386459348,0.0162760389567677,2.62045199627665,16.0048486250155,0.062457167306962,171.245875266218,0.0183810406737964,6.68443564383796,6.19485832327955,0.165789707352074,0.0025611095788193,,365.6872,Run 2024-09-24,-73.445,-10.871,
RI24-1019,Potash,02/09/2024,23:00,EST,Isco,Stream,,,,DartmouthID_duffy-030625-012,0.0063390976933937,0.0101833226041914,23.5830828021849,0.0170476311296926,2.56755985321406,15.7025807608029,0.0373804123510369,157.756623639652,0.0142585055604555,6.40014276979376,6.52217365417936,0.134188398666641,0.0012685390248476,,314.4854,Run 2024-09-24,-73.896,-10.947,
RI24-1046,Wade,02/09/2024,15:00,EST,Isco,Stream,,,,DartmouthID_duffy-030625-028,0.0107934975232666,0.0083948489684155,14.0910146837049,0.701505169679075,0.353517853059327,1.92940483861123,0.487990084578226,1.8220141173818,0.0362998451035443,2.47955023066635,6.08600182214507,0.0818371693637057,0.017607327065572,,,,,,
RI24-1047,Wade,02/09/2024,18:00,EST,Isco,Stream,,,,DartmouthID_duffy-030625-029,0.0058531170020742,0.0038141002456498,4.90157467169858,0.0014885896105605,0.178554122774203,0.676904311488597,0.0437893522517653,0.679654550870654,0.0034266427285068,1.28726395682754,3.52404923397044,0.0298495188847015,0.0057454389506699,,,,,,
RI24-1048,Wade,02/09/2024,21:00,EST,Isco,Stream,,,,DartmouthID_duffy-030625-030,0.0131696159532128,0.0034160022310189,3.98497430392081,0.0347613470894651,0.875296416274792,0.599290264102487,0.0170118958527844,0.619783855473892,0.0038336840601108,1.2404756175172,3.91071485186685,0.0253633361359207,0.0542371363912055,,,,-85.049,-12.595,
RI24-1245,Wade,02/09/2024,0:00,EST,Isco,Stream,,03/28/2024,,UVM-Aglab_Replaced with 2nd run,0.002,,8.557,0.92,0.689,1.028,0.265,0.983,-0.009,,1.423,,0.004,0.007,,,,,
RI24-1246,Wade,02/09/2024,3:00,EST,Isco,Stream,,03/28/2024,,UVM-Aglab_Replaced with 2nd run,-0.004,,8.859,0.425,0.837,1.157,0.249,1.196,-0.007,,0.994,,0.002,0.007,,,,,
RI24-1247,Wade,02/09/2024,6:00,EST,Isco,Stream,,03/28/2024,,UVM-Aglab_Replaced with 2nd run,0.002,,7.694,0.49,0.698,0.955,0.154,0.963,-0.003,,1.533,,0.003,0.007,,,,,
RI24-1248,Wade,02/09/2024,9:00,EST,Isco,Stream,,03/28/2024,,UVM-Aglab_Replaced with 2nd run,0.005,,4.873,0.165,0.647,0.661,0.057,0.751,-0.012,,1.53,,-0.001,0.007,,,,,
RI24-1249,Wade,02/09/2024,12:00,EST,Grab,Stream,,03/28/2024,Ice still covering Wade Brook MED,UVM-Aglab_Replaced with 2nd run,0.004,,7.137,0.459,0.668,0.896,0.141,0.916,-0.016,,1.33,,0.03,0.007,,,-84.159,-12.58,
RI24-1255,Potash,02/09/2024,2:00,EST,Isco,Stream,,05/02/2024,,UVM-Aglab_Replaced with 2nd run,-0.052,,39.671,0,7.266,30.611,0.064,314.452,0.241,,1.895,,-0.004,0.007,,,,,
RI24-1256,Potash,02/09/2024,5:00,EST,Isco,Stream,,05/02/2024,,UVM-Aglab_Replaced with 2nd run,-0.087,,87.854,0.015,10.063,37.841,0.24,384.676,0.282,,2.06,,0.015,0.006,,,,,
RI24-1257,Potash,02/09/2024,8:00,EST,Isco,Stream,,05/02/2024,,UVM-Aglab_Replaced with 2nd run,-0.059,,54.712,0.009,10.5,39.92,0.121,414.579,0.292,,2.325,,0.006,0.007,,,,,
RI24-1258,Potash,02/09/2024,11:00,EST,Isco,Stream,,05/02/2024,,UVM-Aglab_Replaced with 2nd run,-0.072,,73.004,0.01,10.341,38.594,0.206,403.594,0.287,,2.712,,0.017,0.006,,,,,
RI24-1250,Potash,02/09/2024,11:15,EST,Grab,Stream,,05/02/2024,,UVM-Aglab_Replaced with 2nd run,-0.062,,50.917,-0.007,8.664,33.788,0.102,347.769,0.189,,2.416,,0,0.004,,,,,
RI24-1262,Hungerford,02/09/2024,3:00,EST,Isco,Stream,,05/02/2024,,UVM-Aglab_Replaced with 2nd run,-0.06,,56.749,0.029,3.728,12.356,0.059,26.777,0.127,,3.572,,-0.003,0.007,,,,,
RI24-1263,Hungerford,02/09/2024,6:00,EST,Isco,Stream,,05/02/2024,,UVM-Aglab_Replaced with 2nd run,-0.043,,37.368,0.009,3.292,11.643,0.034,24.346,0.114,,2.917,,0.034,0.007,,,,,
RI24-1264,Hungerford,02/09/2024,9:00,EST,Isco,Stream,,05/02/2024,,UVM-Aglab_Replaced with 2nd run,-0.028,,30.931,0.008,3.783,13.44,0.018,28.514,0.132,,2.882,,-0.005,0.006,,,,,
RI24-1265,Hungerford,02/09/2024,12:00,EST,Isco,Stream,,05/02/2024,,UVM-Aglab_Replaced with 2nd run,-0.036,,30.768,0.006,3.307,11.613,0.024,24.833,0.113,,2.962,,-0.006,0.006,,,,,
RI24-1266,Hungerford,02/09/2024,13:15,EST,Grab,Stream,,05/02/2024,,UVM-Aglab_,-0.036,,35.253,0.008,4.062,13.28,0.031,29.205,0.123,,1.233,,0.005,0.006,,,,,
RI24-1011,Hungerford,02/10/2024,0:00,EST,Isco,Stream,,,,,,,,,,,,,,,,,,,,,,,
RI24-1012,Hungerford,02/10/2024,3:00,EST,Isco,Stream,,,,,,,,,,,,,,,,,,,328.36,Run 2024-09-24,-76.473,-11.255,
RI24-1013,Hungerford,02/10/2024,6:00,EST,Isco,Stream,,,,,,,,,,,,,,,,,,,,,,,
RI24-1014,Hungerford,02/10/2024,9:00,EST,Isco,Stream,,,,,,,,,,,,,,,,,,,326.6617,Run 2024-09-24,-78.178,-11.46,
RI24-1014,Hungerford,02/10/2024,9:00,EST,Isco,Stream,,,,,,,,,,,,,,,,,,,18.78527482,Run 2024-10-17,-78.178,-11.46,
RI24-1015,Hungerford,02/10/2024,9:00,EST,Grab,Stream,,,,DartmouthID_duffy-030625-008,0.0135821460194991,0.0096351590381173,24.320293712484,0.0466915154523734,2.58238931374896,6.57690180998787,0.0180112772768443,14.2717958313185,0.0310466919345356,4.52699262278636,5.63157086672616,0.118376192247854,0.0009711102028922,,317.5978,Run 2024-09-24,-77.963,-11.467,
RI24-1020,Potash,02/10/2024,2:00,EST,Isco,Stream,,,,DartmouthID_duffy-030625-013,0.0061472503133326,0.0141781207089652,30.53712617132,0.0264238644837384,2.43627355842532,15.7058909141312,0.0633030067914331,155.085490849404,0.0180644576341676,6.23327027891633,5.73166866959437,0.150937527376135,0.0021673699169013,,261.8523182,Run 2024-10-17,-73.813,-10.915,
RI24-1021,Potash,02/10/2024,5:00,EST,Isco,Stream,,,,DartmouthID_duffy-030625-014,0.0064329975393318,0.0176426553851224,38.1849585661645,0.0211122229186983,2.68832405687026,16.615035094519,0.0682156909929932,169.818842200836,0.0174908607252333,6.66573729813452,4.81543108861909,0.178233416339546,0.0022964889239033,,,,,,
RI24-1022,Potash,02/10/2024,8:00,EST,Isco,Stream,,,,DartmouthID_duffy-030625-015,0.005724467183983,0.0189125058240618,39.5029663734393,0.0276906835671694,2.3500981245074,15.327023592727,0.08321405540518,148.008678562251,0.0208885335144033,6.19663982047803,6.11922449285615,0.180507423658677,0.0024234076101414,,268.4343124,Run 2024-10-17,-74.08,-10.842,
RI24-1023,Potash,02/10/2024,10:30,EST,Grab,Stream,,,,DartmouthID_duffy-030625-016,0.0049897883641014,0.0138858493589233,32.3291066446674,0.0131465314391819,3.8189013996137,23.9584776851577,0.0566785593490015,237.264162808151,0.0198833858627015,9.31135960989134,5.55419832007297,0.172253232575641,0.0035448969348318,,272.7200991,Run 2024-10-17,-73.995,-10.859,
RI24-1035,Hungerford,02/10/2024,12:00,EST,Isco,Stream,,,,,,,,,,,,,,,,,,,,,,,
RI24-1036,Hungerford,02/10/2024,15:00,EST,Isco,Stream,,,,,,,,,,,,,,,,,,,17.06113553,Run 2024-10-17,-79.451,-11.854,
RI24-1037,Hungerford,02/10/2024,18:00,EST,Isco,Stream,,,,,,,,,,,,,,,,,,,,,,,
RI24-1038,Hungerford,02/10/2024,21:00,EST,Isco,Stream,,,,,,,,,,,,,,,,,,,16.33229416,Run 2024-10-17,-79.919,-11.87,
RI24-1024,Potash,02/10/2024,11:00,EST,Isco,Stream,,,,DartmouthID_duffy-030625-017,0.0080237416732297,0.0200689440572631,41.6412524664794,0.0257893029724959,2.39586024382796,15.6811568419902,0.0870644570918709,149.583838129016,0.021123361153674,6.23754287006825,5.50309431154583,0.185644404298592,0.0058584843811756,,,,,,
RI24-1025,Potash,02/10/2024,14:00,EST,Isco,Stream,,,,DartmouthID_duffy-030625-018,0.0082864866332841,0.0183945846156008,37.4993929200964,0.0164114796571543,3.48351582905418,21.3615300995784,0.0512750480326806,272.239988192737,0.0183636621838854,9.01363505215345,6.0223068868481,0.197022561718581,0.0024139727536817,,283.4234993,Run 2024-10-17,-74.29,-10.914,
RI24-1026,Potash,02/10/2024,17:00,EST,Isco,Stream,,,,DartmouthID_duffy-030625-019,0.00565403551483,0.0147922169044549,30.5966796110956,0.0176067084875253,2.32317661494922,14.4807632139111,0.0414974960287902,152.112407640956,0.0168811076802331,5.85357980113586,5.63947275584036,0.15104854914285,0.0015455458146841,,,,,,
RI24-1027,Potash,02/10/2024,20:00,EST,Isco,Stream,,,,DartmouthID_duffy-030625-020,0.0079424299550476,0.0168946307530101,36.3318665938228,0.0287083174018072,2.38329393010865,14.7859140713497,0.0575135652659391,149.183576151253,0.0188370682777216,5.86176193640118,5.78803732487826,0.168715945749184,0.0021884466611705,,,,-74.665,-11.027,
RI24-1028,Potash,02/10/2024,23:00,EST,Isco,Stream,,,,DartmouthID_duffy-030625-021,0.0095443532018302,0.0193096279433851,38.3659881160288,0.0255495239435863,2.3305057510814,14.8456545151281,0.0652301717741214,154.109312006777,0.0218332791010172,5.7876396108302,5.80720273488056,0.17070727408791,0.0022198407318164,,,,,,
RI24-1049,Wade,02/10/2024,0:00,EST,Isco,Stream,,,,DartmouthID_duffy-030625-031,0.0121391875981998,0.0035416313788426,4.02542683909643,0.0195091695591745,0.142862073360654,0.576573514449597,0.0095075627680031,0.555740241949146,0.0053139611817702,1.18778539657333,3.52656824984112,0.0249295861828593,0.0041309321432414,,2.165037473,Run 2024-10-31,-85.295,-12.64,
RI24-1050,Wade,02/10/2024,3:00,EST,Isco,Stream,,,,DartmouthID_duffy-030625-032,0.014716377026983,0.0045257821333251,5.69302666313506,0.0442967255003188,0.214950487432622,0.824228994957635,0.0145181669730257,0.803182153650515,0.0048616813231296,1.66198312071412,4.39394057188068,0.0348232965856089,0.0093022015319443,,,,,,
RI24-1051,Wade,02/10/2024,6:00,EST,Isco,Stream,,,,DartmouthID_duffy-030625-033,0.0119061367260829,0.0033421638615823,3.88761497871392,0.0226808873054848,0.966897478865734,0.551610623935352,0.0068690366248788,0.604508336564849,0.0046035973943873,1.14844994464776,3.13893687575015,0.0240869674355159,0.0570091464299196,,2.31939281,Run 2024-10-17,-87.002,-12.818,
RI24-1052,Wade,02/10/2024,9:00,EST,Isco,Stream,,,,DartmouthID_duffy-030625-034,0.0086764891054432,0.0033911445553315,4.12602114345231,0.0179157715856752,0.17556610251839,0.581112262022709,0.0103333563499289,0.571116104509516,0.0044761693122486,1.17076463342641,0.819847302961506,0.0257526138074977,0.0068848875477052,,,,,,
RI24-1053,Wade,02/10/2024,12:00,EST,Isco,Stream,,,,DartmouthID_duffy-030625-035,0.0408364535851728,0.0049203045122513,6.93861050382009,0.0354995802724115,0.307760917381971,0.973741777424999,0.022114882091303,1.07644354358278,0.0083982963866047,1.94143569417405,5.02338553953096,0.0434332348543175,0.0091689598053431,,1.891539175,Run 2024-10-31,-92.558,-13.524,
RI24-1054,Wade,02/10/2024,15:00,EST,Isco,Stream,,,,DartmouthID_duffy-030625-036,0.0259135205584545,0.0037542974164478,3.50526199558999,0.0292249920192377,0.686249514272354,0.466639020993258,0.0090183507393745,0.517973521918784,0.0035775806436855,1.02845461470148,1.13141970297756,0.0240670026604322,0.0403155642657472,,,,,,
RI24-1055,Wade,02/10/2024,18:00,EST,Isco,Stream,,,,DartmouthID_duffy-030625-037,0.0381427845115796,0.0026835871900044,2.69914849296331,0.0325101408418581,0.1639696011434,0.38138974789204,0.0066213604212893,0.382676867664231,0.0047209365228997,0.737764428722135,1.77302590375454,0.0171566321383573,0.0081903616108556,,2.840025672,Run 2024-10-31,-98.03,-14.274,
RI24-1056,Wade,02/10/2024,21:00,EST,Isco,Stream,,,,DartmouthID_duffy-030625-038,0.0411589664089256,0.0026798135177396,2.71811514209148,0.0312325537609419,0.166613780807416,0.38925856350103,0.0064187528254288,0.409774307492274,0.0039699550653334,0.746451677294877,2.1921853799026,0.0169677024785258,0.0083429653701616,,,,,,
RI24-1029,Potash,02/11/2024,2:00,EST,Isco,Stream,,,,DartmouthID_duffy-030625-022,0.0085596605891731,0.0182543505235702,36.941192309066,0.0245582669017432,2.26379375695034,14.7483110701002,0.0765499385717423,147.590373783964,0.0232060135830872,5.54424609904913,4.98376398780761,0.165411807275997,0.0028945071251083,,,,,,
RI24-1030,Potash,02/11/2024,5:00,EST,Isco,Stream,,,,DartmouthID_duffy-030625-023,0.0063201535596225,0.016408518575529,32.9118737593624,0.0200251574971513,2.2487512831296,14.5526553186057,0.056652422114285,143.063674875757,0.0185343498022886,5.5220442947438,5.26329524486585,0.156245648169076,0.0023910480182508,,,,,,
RI24-1031,Potash,02/11/2024,8:00,EST,Isco,Stream,,,,DartmouthID_duffy-030625-024,0.0059610862727998,0.0182097147962293,35.3655333939313,0.0185799646959787,2.24636520366023,14.828525588213,0.0607346309251031,147.358450929421,0.0196865194362003,5.74949484144394,5.93937227259249,0.16428211131203,0.0021244423398859,,,,-74.972,-11.071,
RI24-1032,Potash,02/11/2024,11:00,EST,Isco,Stream,,,,DartmouthID_duffy-030625-025,0.0078611006135366,0.0184668895401109,37.3194730634755,0.0208738307025085,2.37344412831677,15.326283012873,0.0530813780472893,156.891259440403,0.0192400911063947,5.95804891179576,6.44913749919008,0.173204639389109,0.0022639542270519,,,,-74.953,-11.041,
RI24-1033,Potash,02/11/2024,15:30,EST,Grab,Stream,,,,DartmouthID_duffy-030625-026,0.0063448213323211,0.0127730764609731,26.4782113719359,0.0187249541085329,2.31041904597203,14.8837015496657,0.0404733553056226,153.102569605142,0.0165231984816521,5.61696086605672,6.17684720215464,0.138020889106269,0.002453123970405,,,,-75.245,-11.085,
RI24-1001,Wade,02/11/2024,14:00,EST,Isco,Stream,,,Duplicate PES for this sample,DartmouthID_duffy-030625-001,0.0376721818257804,0.0031829537717247,3.04506148087476,0.0248467226316908,0.162434353677663,0.436962519992046,0.0059380012649175,0.495754356249601,0.0023899666259053,0.827794121954563,2.58269656766204,0.0188980915593969,0.0092577684989695,,1.7943,Run 2024-09-24,-95.683,-14.11,
RI24-1002,Wade,02/11/2024,17:00,EST,Isco,Stream,,,Duplicate PES for this sample,DartmouthID_duffy-030625-002,0.0267394576538612,0.003092258431195,3.06305314640447,0.0202878604927398,0.172870059959894,0.438012420889594,0.0052983609047469,0.479872736802823,0.0028721371388211,0.847051545649488,2.70051533853943,0.0190617251149114,0.0046807191921767,,,,,,
RI24-1003,Wade,02/11/2024,20:00,EST,Isco,Stream,,,Duplicate PES for this sample,DartmouthID_duffy-030625-003,0.0313937013949575,0.0027852623120015,3.07704980242206,0.0214332889627238,0.133110928007831,0.441800364119185,0.0038575689957689,0.523873464482561,0.0042114387765685,0.854398537439295,2.49664107036762,0.0189883764067322,0.0119491318965742,,1.5105,Run 2024-09-24,-93.675,-13.609,
RI24-1004,Wade,02/11/2024,23:00,EST,Isco,Stream,,,Duplicate PES for this sample,DartmouthID_duffy-030625-004,0.0349509272750132,0.0027418891350071,3.12781348058406,0.0207475071637636,0.151966656781159,0.450639630204052,0.0035409724786685,0.547714577402798,0.0014251181445574,0.865909656478115,2.97137364006889,0.0192642917032889,0.00521395352576,,,,,,
RI24-1039,Hungerford,02/11/2024,0:00,EST,Isco,Stream,,,,,,,,,,,,,,,,,,,,,,,
RI24-1040,Hungerford,02/11/2024,3:00,EST,Isco,Stream,,,,,,,,,,,,,,,,,,,18.17206839,Run 2024-10-17,-80.683,-11.841,
RI24-1041,Hungerford,02/11/2024,6:00,EST,Isco,Stream,,,,,,,,,,,,,,,,,,,,,,,
RI24-1042,Hungerford,02/11/2024,9:00,EST,Isco,Stream,,,,,,,,,,,,,,,,,,,,,,,
RI24-1043,Hungerford,02/11/2024,12:00,EST,Isco,Stream,,,,,,,,,,,,,,,,,,,14.88569593,Run 2024-10-17,-81.139,-11.904,
RI24-1044,Hungerford,02/11/2024,14:30,EST,Grab,Stream,,,,,,,,,,,,,,,,,,,14.88569593,Run 2024-10-17,-81.076,-11.933,
RI24-1057,Wade,02/11/2024,0:00,EST,Isco,Stream,,,,DartmouthID_duffy-030625-039,0.0406860421191119,0.0024376841405706,2.70796831670146,0.0278769444899454,0.110242919917533,0.396165706589927,0.0051791502127984,0.448381000970931,0.0037969980898367,0.75007005950194,2.00273176665862,0.0168706676412498,0.0068191216898867,,2.306913773,Run 2024-10-17,-97.849,-14.299,
RI24-1058,Wade,02/11/2024,3:00,EST,Isco,Stream,,,,DartmouthID_duffy-030625-040,0.0357998708758203,0.0028169988391071,2.68788702762485,0.027510172610373,0.139892082856105,0.392083651001501,0.0052865100372667,0.394964455349561,0.0035078801316301,0.754536049669751,1.81815862247486,0.0169300523557982,0.0130026803952677,,,,,,
RI24-1059,Wade,02/11/2024,6:00,EST,Isco,Stream,,,,DartmouthID_duffy-030625-041,0.0448862550430986,0.0045166702471483,4.91480575907341,0.0279105852476512,0.253491218488339,0.713538557589291,0.0070640810924235,0.770332020389359,0.0043982976778798,1.37611646833708,3.21585743377651,0.0310476711305984,0.0089389760596754,,1.83102794,Run 2024-10-17,-96.804,-14.171,
RI24-1060,Wade,02/11/2024,9:00,EST,Isco,Stream,,,,DartmouthID_duffy-030625-042,0.0518004334034159,0.0044272667937723,5.25284955301342,0.0338239679325236,0.964051231135432,0.766735675450636,0.0081229819788724,0.834903818253298,0.0042883710277597,1.48795101821602,4.26896448850787,0.0331093676179618,0.0546036059633197,,,,,,
RI24-1061,Wade,02/11/2024,12:00,EST,Isco,Stream,,,,DartmouthID_duffy-030625-043,0.038680323684474,0.0029634678985346,2.84726416323815,0.0249810685862327,0.139403597536116,0.417161393366296,0.005360201590503,0.41555835581789,0.0038328740952718,0.795984956338635,2.55598100731999,0.0179747371682053,0.0038042004224887,,2.732597276,Run 2024-10-31,-95.829,-14.205,
RI24-1062,Wade,02/11/2024,13:00,EST,Grab,Stream,,,,DartmouthID_duffy-030625-044,0.0197748350979098,0.0047195442447988,3.63269013402194,0.0150609143495344,0.186293625847624,0.547033917431826,0.0040371407369064,0.558516039843934,0.0040236107974143,1.0332799775178,2.36966805114638,0.0228529742966672,0.0069988153098238,,1.989960957,Run 2024-10-31,-95.613,-14.192,
RI24-1005,Wade,02/12/2024,2:00,EST,Isco,Stream,,,Duplicate PES for this sample,DartmouthID_duffy-030625-005,0.0356398854505087,0.0027473007838014,3.18968662238499,0.0220543388728659,0.125264377708605,0.46469946236877,0.0041247388146444,0.603753020968482,0.0018736448197974,0.909064363978073,2.85457458834478,0.0196343374893924,0.0078871103333069,,,,,,
RI24-1006,Wade,02/12/2024,5:00,EST,Isco,Stream,,,Duplicate PES for this sample,DartmouthID_duffy-030625-006,0.0291127055894794,0.0023767498502173,3.2724748300542,0.0203612650063369,0.116090695890841,0.474716497846069,0.0040190304908232,0.566226745035966,0.0008918210958649,0.914127573497426,2.85307139351874,0.0201534646215499,0.0069759816818246,,1.4975,Run 2024-09-24,-94.155,-13.712,
RI24-1007,Wade,02/12/2024,7:00,EST,Isco,Stream,,,Duplicate PES for this sample,DartmouthID_duffy-030625-007,0.0308671323930814,0.0023569438173502,3.18896014767453,0.022348168508525,0.099258433812969,0.460179567443441,0.0039855553655625,0.531430809976123,0.0016872236841051,0.898858479511837,2.73159933141243,0.0195461626067998,0.0097077479012034,,,,,,
RI24-1045,Hungerford,02/12/2024,16:00,EST,Grab,Stream,,,,,,,,,,,,,,,,,,,18.02118942,Run 2024-10-17,-79.59,-11.733,
RI24-1034,Potash,02/12/2024,13:45,EST,Grab,Stream,,,,DartmouthID_duffy-030625-027,0.0047219394653796,0.0151201577726762,32.8662493862775,0.0175264393556062,2.40042830786737,15.6674908763779,0.0476357476102658,157.485591669867,0.0206740106081512,6.04066466403364,4.78646569873195,0.164371498043057,0.0021045672418533,,,,-74.472,-11.136,
RI24-1423,Potash,02/16/2024,9:00,EST,Snow,Endmember,,05/21/2024,Potash snow,DartmouthID_AS-061025-153,0.0065200644292705,0.0044325021955976,0.813715006281711,0.0051240279469402,0.297722951456968,0.0674374512182603,0.0027249809211102,1.37172775010889,0.0080761144382778,0.196526822616618,0.0158332366278157,0.0016410264902192,0.0506362442288233,,3.871,Run 2025-07-21,-167.129,-23.518,
RI24-1213,Hungerford,02/23/2024,12:00,EST,Soil water lysimeter wet,Endmember,,03/28/2024,Wet site lysimeter,UVM-Aglab_,0.127,,4.489,0.05,1.512,1.102,0,1.882,0.088,,0.238,,0.014,0.005,,,-75.926,-11.288,
RI24-1064,Hungerford,02/26/2024,15:00,EST,Baseflow,Endmember,,,Baseflow candidate,DartmouthID_duffy-030625-046,0.0080212294045925,0.0191688595280883,36.9602816211563,0.0280914050177682,3.17502287026636,12.3245356494279,0.0341624315975675,25.117532506696,0.0252594593839047,10.1481292662102,6.89782575598375,0.201463056287082,0.0119220644732937,,,,,,
RI24-1065,Hungerford,02/26/2024,18:00,EST,Isco,Stream,,,,DartmouthID_duffy-030625-047,0.0083563556240152,0.0148440253579439,38.1720335017454,0.0331049073712447,2.44057246168356,9.52522990638329,0.027047905343652,19.3557820040551,0.0210297192662844,7.94620835848717,6.85801132826089,0.193288563019419,0.0078624011261873,,,,,,
RI24-1066,Hungerford,02/26/2024,21:00,EST,Isco,Stream,,,,DartmouthID_duffy-030625-048,0.012273792562842,0.0243027939976854,55.7682813497283,0.0373943175742122,5.12611497734332,19.4579743705775,0.0557035840926149,40.0418518599158,0.035941480347055,15.8152640697329,9.29493170253931,0.298699647974488,0.0150839757780701,,,,,,
RI24-1076,Potash,02/26/2024,13:15,EST,Grab,Stream,,,"Staff Gage .54, overcast- windy",,,,,,,,,,,,,,,,,,-74.616,-11.15,
RI24-1077,Potash,02/26/2024,15:00,EST,Isco,Stream,,,,,,,,,,,,,,,,,,,,,,,
RI24-1078,Potash,02/26/2024,18:00,EST,Isco,Stream,,,,,,,,,,,,,,,,,,,,,,,
RI24-1106,Wade,02/26/2024,17:45,EST,Grab,Stream,,,,DartmouthID_duffy-030625-069,0.0118860597305694,0.0040164841875215,3.90579077479581,0.0078019466812399,0.172792435653572,0.575953745463762,0.002414779575439,0.619211790537501,0.0046165909936813,1.16820909416891,3.68933894299021,0.0242860401570198,0.010751835675781,,2.34877196,Run 2024-10-17,-87.257,-12.941,
RI24-1212,Wade,02/26/2024,17:00,EST,Soil water lysimeter dry,Endmember,,03/28/2024,Dry site lysimeter,UVM-Aglab_,0.289,,0.35,0.091,0.3,0.12,-0.006,1.433,0.008,,0.151,,0.002,0.004,3.123,Run 2025-06-05,-108.5,-15.623,
RI24-1221,Wade,02/26/2024,16:30,EST,Snowmelt lysimeter,Endmember,,03/28/2024,Dry site lysimeter,UVM-Aglab_Replaced with 2nd run,0.007,,2.88,-0.009,0.751,0.917,-0.011,0.621,-0.01,,1.037,,0.038,0.007,5.298,Run 2025-06-05,-130.899,-18.526,
RI24-1067,Hungerford,02/27/2024,9:00,EST,Isco,Stream,,,,DartmouthID_duffy-030625-049,0.0086569138705513,0.0137906270634291,35.8719618231252,0.0390193629203064,2.57263918476367,10.3169704347697,0.020406017625521,21.8845513039273,0.0171052367718832,8.33254898900059,4.32330220852913,0.189361582029638,0.0055820558327865,,,,,,
RI24-1068,Hungerford,02/27/2024,12:00,EST,Isco,Stream,,,,DartmouthID_duffy-030625-050,0.0119584686241912,0.0158954028154322,40.1756935855576,0.0534297910906383,2.662374202092,10.6747739690245,0.0268698799351859,23.0945458415071,0.0192785888401075,8.74398448672355,5.77356314133072,0.204248743199041,0.0098629746192284,,,,,,
RI24-1069,Hungerford,02/27/2024,15:00,EST,Isco,Stream,,,,DartmouthID_duffy-030625-051,0.0101708446214847,0.0122016095299594,29.7787816544345,0.0485118712975007,2.18667062982593,8.4629283070511,0.022739774197488,18.025494647917,0.017315776188363,6.88460904735039,6.64071197233953,0.163741367771346,0.0056959288614202,,,,,,
RI24-1070,Hungerford,02/27/2024,18:00,EST,Isco,Stream,,,,DartmouthID_duffy-030625-052,0.0161960377380061,0.0135652066593764,34.5433198358749,0.0480623634382958,2.13860779825174,8.63338060920663,0.0227550996171279,18.506355096887,0.0201689316821703,6.94828540213276,5.84786572820238,0.177479854415032,0.0066184879788229,,,,,,
RI24-1071,Hungerford,02/27/2024,21:00,EST,Isco,Stream,,,,DartmouthID_duffy-030625-053,0.0057852416388012,0.0099836417985004,30.9702017919153,0.0272925838482701,2.66190189118079,10.7083225889703,0.015371750057276,23.3719513354283,0.0175628167424468,8.59144422830707,3.09287678717861,0.171727858089535,0.0045382382106385,,,,,,
RI24-1079,Potash,02/27/2024,12:00,EST,Isco,Stream,,,,,,,,,,,,,,,,,,,,,,,
RI24-1080,Potash,02/27/2024,15:00,EST,Isco,Stream,,,,,,,,,,,,,,,,,,,,,,,
RI24-1081,Potash,02/27/2024,18:00,EST,Isco,Stream,,,,,,,,,,,,,,,,,,,,,,,
RI24-1082,Potash,02/27/2024,21:00,EST,Isco,Stream,,,,,,,,,,,,,,,,,,,,,,,
RI24-1089,Wade,02/27/2024,16:00,EST,Isco,Stream,,,,DartmouthID_duffy-030625-059,0.0097695038396654,0.0032715384593993,3.83394760169854,0.0148410470559131,0.149225119818699,0.570232018777689,0.0042334492858608,0.620729783800029,0.0033840690928443,1.14335664828305,3.6833309987522,0.0240874063012853,0.0038417349227111,,,,,,
RI24-1090,Wade,02/27/2024,19:00,EST,Isco,Stream,,,,DartmouthID_duffy-030625-060,0.0110558860145846,0.0033352096361504,3.66480726080928,0.0164337235068582,0.153552794498599,0.540202900498435,0.0050719251260567,0.595518011809128,0.0039136764685071,1.09850370402581,3.28104489893721,0.023432139763248,0.0055198863737877,,,,,,
RI24-1101,Wade,02/27/2024,22:00,EST,Isco,Stream,,,,DartmouthID_duffy-030625-064,0.016503756241414,0.003041058371502,3.64617320676292,0.021684566473107,0.148379443854674,0.517283446990183,0.0051297303272067,0.622124100819015,0.0030352565540709,1.04852062012368,3.33353581586686,0.0228614816994182,0.0368841814828466,,,,,,
RI24-1063,Hungerford,02/28/2024,10:45,EST,Grab,Stream,,,"Staff Gage .58 m, Overcast - slight wind",DartmouthID_duffy-030625-045,0.013477778905667,0.0080132234109594,20.8266828178601,0.0477342562614435,1.8587672468399,6.85743202849698,0.0191625689277231,15.3110307959129,0.0160864575551143,5.12065702274874,3.80433343084662,0.115583996321464,0.0068016258759078,,21.11218274,Run 2024-10-31,-77.559,-11.531,
RI24-1072,Hungerford,02/28/2024,0:00,EST,Isco,Stream,,,,DartmouthID_duffy-030625-054,0.0146557294789436,0.0166344990464163,48.1376136912677,0.0382235032850354,4.02084063984112,15.4056760236409,0.0266342077739903,32.8745337354263,0.025779872477544,12.0395182754275,4.70528642700327,0.266714701957544,0.005053276085032,,,,,,
RI24-1073,Hungerford,02/28/2024,3:00,EST,Isco,Stream,,,,DartmouthID_duffy-030625-055,0.0178410603094607,0.0106295874507548,29.2426288488556,0.0551387928576897,2.46123021305961,9.35634041382903,0.0181589301951834,20.1478724419219,0.0220159373478804,7.31255200392369,3.47810762189555,0.163883693848128,0.0199317920263132,,,,,,
RI24-1074,Hungerford,02/28/2024,6:00,EST,Isco,Stream,,,,DartmouthID_duffy-030625-056,0.0191188029155065,0.0094746198132519,23.9330690576766,0.0507852558128817,2.25093159887812,8.55911909342004,0.0166567825083881,18.7268666787669,0.0199826311501114,6.73559006306996,3.84085711979441,0.135777609036,0.0051450719832521,,,,,,
RI24-1075,Hungerford,02/28/2024,9:00,EST,Isco,Stream,,,,DartmouthID_duffy-030625-057,0.0307686608938221,0.0118100090911588,29.289449940873,0.0691440598844456,1.81986128239894,7.07479683764768,0.0192435736143367,15.5837372860965,0.0206245132976624,5.46735336887557,4.35168747996914,0.156419382703414,0.005855226537555,,,,,,
RI24-1083,Potash,02/28/2024,0:00,EST,Isco,Stream,,,,,,,,,,,,,,,,,,,,,,,
RI24-1084,Potash,02/28/2024,3:00,EST,Isco,Stream,,,,,,,,,,,,,,,,,,,,,,,
RI24-1085,Potash,02/28/2024,6:00,EST,Isco,Stream,,,,,,,,,,,,,,,,,,,,,,,
RI24-1086,Potash,02/28/2024,9:00,EST,Isco,Stream,,,,,,,,,,,,,,,,,,,,,,,
RI24-1087,Potash,02/28/2024,12:00,EST,Isco,Stream,,,,,,,,,,,,,,,,,,,,,,,
RI24-1088,Wade,02/28/2024,11:15,EST,Grab,Stream,,,,DartmouthID_duffy-030625-058,0.0410828999617895,0.0040822066417599,4.25850618982023,0.0277439019150313,0.293426438381717,0.592081715897824,0.0103452870301642,0.733640662759469,0.0078646180718583,1.21868154985751,2.87160375788355,0.0279990993831062,0.0172627092834415,,,,,,
RI24-1102,Wade,02/28/2024,1:00,EST,Isco,Stream,,,,DartmouthID_duffy-030625-065,0.0165092428919559,0.0030185477557846,3.43906296294318,0.020751037266064,0.148494483993558,0.489125192803107,0.0049610170223552,0.549781362982402,0.0019748422944324,0.992098158192939,2.86186962100452,0.0218557120731443,0.0059488086478586,,,,,,
RI24-1103,Wade,02/28/2024,4:00,EST,Isco,Stream,,,,DartmouthID_duffy-030625-066,0.0228885644527435,0.0031939910254024,3.29015686760012,0.0299539156546614,0.162936413453261,0.465071840140434,0.006187503451025,0.535013391336501,0.0044251328055395,0.934377956280285,2.9846052232031,0.0211130055094698,0.005736854555961,,,,,,
RI24-1104,Wade,02/28/2024,7:00,EST,Isco,Stream,,,,DartmouthID_duffy-030625-067,0.026355010958563,0.0030347268051023,2.97327386902635,0.0311599635408438,0.183045483542343,0.416016767902521,0.0058857939430225,0.484317783429349,0.0046855042320343,0.828624632285349,2.84152873475019,0.019087069711837,0.0078906719140692,,,,,,
RI24-1105,Wade,02/28/2024,10:00,EST,Isco,Stream,,,,DartmouthID_duffy-030625-068,0.0328205871001893,0.0027386097844801,2.71143397616805,0.032106901802172,0.178732137965927,0.385731413576486,0.0064575164248749,0.442673675722157,0.0047500120152007,0.758525756860939,1.79206782855242,0.0174521608326598,0.0057210052291916,,,,,,
RI24-1107,Wade,02/28/2024,13:00,EST,Isco,Stream,,,,DartmouthID_duffy-030625-070,0.0333089441172071,0.0016408513855125,2.43134009076026,0.023286255869964,0.111566054886067,0.337440592012287,0.0046676282428227,0.394351110957722,0.000996047986624,0.69893594378049,1.68269661477649,0.0154039553866335,0.0086699238382933,,,,,,
RI24-1108,Wade,02/28/2024,16:00,EST,Isco,Stream,,,,DartmouthID_duffy-030625-071,0.0467665645926109,0.0020512656889794,2.38677560840706,0.0321776504192503,0.391740237845068,0.326631852577839,0.0100585621070263,0.494707298343342,0.003356457600768,0.703086261731758,1.62460675055761,0.0155225817875718,0.129273945106169,,,,,,
RI24-1109,Wade,02/28/2024,19:00,EST,Isco,Stream,,,,DartmouthID_duffy-030625-072,0.0432023162820373,0.0021114341376275,2.20199065248146,0.0287583534628705,0.109382825402174,0.304897414772085,0.0075091730147396,0.38517840933631,0.0044376612964927,0.647005147413933,1.23514515353622,0.0142732978319982,0.0052643476937392,,,,,,
RI24-1114,Hungerford,02/28/2024,12:00,EST,Isco,Stream,,,,DartmouthID_duffy-030625-077,0.0083506077320132,0.0076573977342238,22.3704167292091,0.0172575353207798,1.64705250078354,6.65046507975793,0.0158858974666788,14.9975740218511,0.0105996029763134,4.85043069980724,4.88159879745796,0.117874584181853,0.001559102279934,,,,,,
RI24-1115,Hungerford,02/28/2024,15:00,EST,Isco,Stream,,,,DartmouthID_duffy-030625-078,0.0103091353598521,0.0098789693491877,25.0986148465663,0.0359428960332631,1.66020343045872,6.20304875722436,0.0204980330464599,13.6859546438528,0.0140417352203236,4.5008024853306,4.85322001572009,0.127717373212846,0.0026693382587032,,,,,,
RI24-1116,Hungerford,02/28/2024,18:00,EST,Isco,Stream,,,,DartmouthID_duffy-030625-079,0.0163283446775542,0.0092314412763595,24.7290026944005,0.0421287522346252,1.94427576646901,6.81077663025361,0.0186022667020311,15.3640169729575,0.0148666304908803,4.99594749268753,5.21556688054137,0.126669087519758,0.0017874713959484,,,,,,
RI24-1117,Hungerford,02/28/2024,21:00,EST,Isco,Stream,,,,DartmouthID_duffy-030625-080,0.0138931374829031,0.0110685530871485,21.5802552798183,0.0449025556769287,1.95970283149099,6.29917405765277,0.023016318321686,13.7070201693135,0.0284043549775849,4.62162510495881,5.1388817823665,0.109558027401287,0.0041199184073686,,,,,,
RI24-1120,Potash,02/28/2024,15:00,EST,Isco,Stream,,,,DartmouthID_duffy-030625-083,0.0056189588304228,0.0148442548028454,30.9753286689037,0.0145517133115025,2.25662869237689,15.3290310342489,0.0568387365863502,169.840699943379,0.0191519699585924,5.97220518881004,5.56448182542755,0.168195278781028,0.0043200926864688,,,,,,
RI24-1121,Potash,02/28/2024,18:00,EST,Isco,Stream,,,,DartmouthID_duffy-030625-084,0.0097881644903582,0.026421019877068,48.3774637725401,0.022122064343932,3.1224846053691,20.0929926660231,0.116353666517853,229.274020271636,0.0277342557854319,7.76605777728038,6.80738511814148,0.229975283637771,0.007372448609667,,,,,,
RI24-1122,Potash,02/28/2024,21:00,EST,Isco,Stream,,,,DartmouthID_duffy-030625-085,0.329457754582068,0.0199908002811346,31.4635864640482,0.618560385219778,2.11452899085688,12.6948420167323,0.0815708805679919,203.316869974027,0.0402226053496896,5.7640712852125,5.4239176658856,0.159057205488422,0.079225266793702,,,,,,
RI24-1110,Wade,02/29/2024,22:00,EST,Isco,Stream,,,,DartmouthID_duffy-030625-073,0.0437724205111655,0.0011326463121992,1.63359853392905,0.0302662596989701,0.0545402100701818,0.220959245570786,0.0090131590919931,0.295836405915185,0.0015937533914151,0.470895986779274,0.876679701248624,0.0104059332945134,0.0086643092862099,,,,,,
RI24-1111,Wade,02/29/2024,1:00,EST,Isco,Stream,,,,DartmouthID_duffy-030625-074,0.0282082829310186,0.0021409961653024,2.45535072647684,0.0248170536537885,0.124434881058882,0.347108165156335,0.0093797527823952,0.432836657723694,0.0020557701781296,0.720142719110531,0.871679588104204,0.0155320819492595,0.0091173851382461,,,,,,
RI24-1118,Hungerford,02/29/2024,0:00,EST,Isco,Stream,,,,DartmouthID_duffy-030625-081,0.0176149318133994,0.0149892892870593,30.9282684929274,0.0427034536974689,2.87336257956058,7.59507586236448,0.0274511357866411,16.0412664404748,0.0296273800254095,5.51274328863377,5.95954025379983,0.147286025983649,0.0039060153817764,,,,,,
RI24-1123,Potash,02/29/2024,0:00,EST,Isco,Stream,,,,DartmouthID_duffy-030625-086,0.0079386962488741,0.0169281082068518,32.1102067750852,0.0227687761060292,2.50207982898259,14.4201160215765,0.0714395612817411,184.79120182341,0.020433897913407,5.68205934097186,4.5270593803939,0.154232173309285,0.0037379674001553,,,,,,
RI24-1112,Wade,03/01/2024,11:00,EST,Grab,Stream,,,Grab Taken in Isco Bottle,DartmouthID_duffy-030625-075,0.0266063718322704,0.0027281267589361,3.25773642520186,0.0198732113328167,0.161393736493695,0.493260312459085,0.0036057651340549,0.561579538774302,0.0046520625549761,0.948408272516272,2.28196039448594,0.0197071050489521,0.0136733641642811,,3.624,Run 2025-06-05,-99.868,-14.516,
RI24-1113,Wade,03/01/2024,11:00,EST,Grab,Stream,,,Grab Taken in (acidwashed) polypro bottle,DartmouthID_duffy-030625-076,0.0204559450071696,0.00248599350973,3.12569688582894,0.024378910361965,0.0550180064995577,0.458226227743977,0.0035164986161246,0.477858118274384,0.0016698023920047,0.891363964363009,1.42617557192139,0.0188567854301069,0.0058432172377215,,2.153298055,Run 2024-10-17,-100.459,-14.754,
RI24-1119,Hungerford,03/01/2024,12:30,EST,Grab,Stream,,,Grab Taken in Isco Bottle,DartmouthID_duffy-030625-082,0.0155657213388587,0.0167238767353893,31.7416753768502,0.0651026614906351,2.81933332925965,8.71621464565756,0.0382660607394016,18.6761616212415,0.038484694045175,6.7916726787462,5.96715160720775,0.158423074169128,0.0042105368341689,,20.32614593,Run 2024-10-17,-78.952,-11.595,
RI24-1124,Potash,03/01/2024,12:00,EST,Isco,Stream,,,,DartmouthID_duffy-030625-087,0.0040300850021654,0.0136603817436867,25.1666960773192,0.0140574573728241,2.69235553007316,16.5278945974036,0.0533193502480743,222.140912599819,0.0173766713596841,6.28123683256945,5.09010503191985,0.134997036858608,0.0040849626835167,,,,,,
RI24-1125,Potash,03/01/2024,14:00,EST,Grab,Stream,,,Grab Taken in (acidwashed) Polypro bottle,DartmouthID_duffy-030625-088,0.0060502027705748,0.0203761848082772,33.4610313708702,0.0202887630518621,3.08581879738839,19.6684989918297,0.0789213913668522,264.327254526698,0.0210768867394162,7.48612701313517,6.04401095314549,0.174935069086245,0.0040488106653201,,379.5760932,Run 2024-10-31,-73.763,-10.859,
RI24-1126,Potash,03/01/2024,14:00,EST,Grab,Stream,,,Grab Taken in isco bottle,DartmouthID_duffy-030625-089,0.0357245426230916,0.0153605136312133,30.4884911943717,0.113185386584563,2.8104015478362,17.9088874622259,0.0605585914696242,238.532576980029,0.0237882123447241,6.74946064350817,4.96558558880582,0.160589504807126,0.0041964796952503,,,,,,
RI24-1128,Potash,03/12/2024,10:40,EDT,Grab,Stream,,04/15/2024,Grab Taken in (acidwashed) Polypro bottle,UVM-Aglab_2024-03-28 run at UVM,-0.044,,45.557,0.017,2.764,14.706,0.054,185.82,0.112,,2.266,,0.074,0.007,366.8739624,Run 2024-10-17,-83.56,-12.074,
RI24-1141,Potash,03/12/2024,15:00,EDT,Isco,Stream,,,,,,,,,,,,,,,,,,,,,-83.007,-11.986,
RI24-1142,Potash,03/12/2024,18:00,EDT,Isco,Stream,,,,,,,,,,,,,,,,,,,,,,,
RI24-1143,Potash,03/12/2024,21:00,EDT,Isco,Stream,,,,,,,,,,,,,,,,,,,,,-84.372,-12.201,
RI24-1127,Hungerford,03/12/2024,12:30,EDT,Grab,Stream,,04/15/2024,Polypro grab,UVM-Aglab_2024-03-28 run at UVM,-0.026,,35.79,0.042,2.597,6.846,0.008,12.979,0.063,,2.452,,-0.009,0.006,20.28767067,Run 2024-10-31,-84.392,-12.087,
RI24-1091,Hungerford,03/12/2024,15:00,EDT,Isco,Stream,,,,DartmouthID_duffy-030625-061,0.0176400616157811,0.013113424224969,27.8519278282465,0.0462429236707209,2.50418559195805,6.93299252793567,0.0124579680045812,15.2896936523867,0.0214355980423358,5.3489123626978,6.04625985224194,0.140979055799044,0.0018765423608328,,22.52763454,Run 2024-10-17,-84.329,-12.318,
RI24-1092,Hungerford,03/12/2024,18:00,EDT,Isco,Stream,,,,DartmouthID_duffy-030625-062,0.0136380426210962,0.0089475016702932,21.2526220846992,0.0349558621268323,3.36578997800916,8.88312079552799,0.0093737918815975,19.9751203530615,0.0196009541302753,6.33054913039778,4.94768585416543,0.124220605946167,0.0013206972677164,,,,,,
RI24-1093,Hungerford,03/12/2024,21:00,EDT,Isco,Stream,,,,DartmouthID_duffy-030625-063,0.0275293201398373,0.0163660463994845,30.3062088767852,0.0615895051867968,3.62766024065274,6.92948509605985,0.0151642097648755,15.3249308773221,0.0998388776208596,5.08179299931693,5.53652747651362,0.142684769394366,0.0029157345674104,,20.84025388,Run 2024-10-17,-90.334,-13.004,
RI24-1100,Wade,03/12/2024,14:45,EDT,Grab,Stream,,04/15/2024,Grab Taken in (acidwashed) polypro bottle,UVM-Aglab_2024-03-28 run at UVM,0.016,,2.782,0.001,0.296,0.396,-0.008,0.557,0.004,,0.724,,0.081,0.003,2.13852138,Run 2024-10-17,-98.116,-14.331,
RI24-1130,Wade,03/12/2024,15:00,EDT,Isco,Stream,,04/15/2024,,UVM-Aglab_2024-03-28 run at UVM,0.019,,2.911,0.015,0.319,0.405,-0.007,0.222,0.008,,0.623,,-0.008,0.005,1.93793812,Run 2024-10-31,-97.913,-14.377,
RI24-1131,Wade,03/12/2024,18:00,EDT,Isco,Stream,,04/15/2024,,UVM-Aglab_2024-03-28 run at UVM,0.017,,2.803,0.007,0.302,0.385,-0.007,0.031,0.001,,0.634,,-0.009,0.005,,,,,
RI24-1132,Wade,03/12/2024,21:00,EDT,Isco,Stream,,04/15/2024,,UVM-Aglab_2024-03-28 run at UVM,0.011,,2.943,0.009,0.314,0.411,-0.006,0.062,0.003,,0.896,,-0.008,0.005,2.378034444,Run 2024-10-17,-98.06,-14.411,
RI24-1144,Potash,03/13/2024,0:00,EDT,Isco,Stream,,,,,,,,,,,,,,,,,,,,,-84.645,-12.311,
RI24-1145,Potash,03/13/2024,12:00,EDT,Isco,Stream,,,,,,,,,,,,,,,,,,,,,-83.411,-12.166,
RI24-1146,Potash,03/13/2024,15:00,EDT,Isco,Stream,,,,,,,,,,,,,,,,,,,,,,,
RI24-1147,Potash,03/13/2024,18:00,EDT,Isco,Stream,,,,,,,,,,,,,,,,,,,,,-82.645,-12.064,
RI24-1148,Potash,03/13/2024,21:00,EDT,Isco,Stream,,,,,,,,,,,,,,,,,,,,,,,
RI24-1232,Wade,03/13/2024,15:00,EDT,Isco,Stream,,05/21/2024,,DartmouthID_AS-061025-147,0.0211400744714283,0.0021372271293628,2.5202510346941,0.0183285593430614,0.345563444058522,0.438885479613769,0.0012476693219955,0.53516467694284,0.0030423866237834,0.80011074873716,0.419209410072191,0.0148831553621984,0.0369817936535035,,,,-96.446,-14.033,
RI24-1233,Wade,03/13/2024,18:00,EDT,Isco,Stream,,05/21/2024,,DartmouthID_AS-061025-140,0.0199321160476742,0.0023180800207424,2.90138147657519,0.0107262218571076,0.266534046840983,0.419398183834472,0.0005491976478858,0.510907787834068,0.0007143001278067,0.844660592693872,2.73596094868891,0.0171040115533667,0.0355167429509059,,,,,,
RI24-1234,Wade,03/13/2024,21:00,EDT,Isco,Stream,,05/21/2024,,,,,,,,,,,,,,,,,,,-96.89,-14.194,
RI24-1133,Wade,03/13/2024,0:00,EDT,Isco,Stream,,04/15/2024,,UVM-Aglab_2024-03-28 run at UVM,0.016,,2.886,0.006,0.312,0.409,-0.007,0.03,0.003,,0.79,,-0.009,0.005,,,,,
RI24-1129,Wade,03/13/2024,14:30,EDT,Grab,Stream,,04/15/2024,Grab Taken in (acidwashed) polypro bottle,UVM-Aglab_2024-03-28 run at UVM,0.019,,2.903,0.003,0.331,0.404,-0.008,0.468,0.012,,0.755,,-0.007,0.016,1.867589014,Run 2024-10-31,-96.624,-14.174,
RI24-1098,Wade,03/13/2024,15:15,EDT,Snowmelt lysimeter,Endmember,,04/15/2024,Dry site lysimeter,UVM-Aglab_2024-03-28 run at UVM,0.006,,1.839,-0.006,0.56,0.574,0.026,0.814,0.003,,0.082,,0.121,0.005,2.613238111,Run 2024-10-17,-121.24,-17.13,
RI24-1099,Wade,03/13/2024,15:15,EDT,Snow,Endmember,,04/15/2024,Dry site snow,UVM-Aglab_2024-03-28 run at UVM,-0.005,,0.158,-0.011,0.227,0.006,-0.01,0.314,-0.002,,-0.109,,0.004,0.003,2.054828239,Run 2024-10-17,-156.488,-21.724,
RI24-1149,Potash,03/14/2024,0:00,EDT,Isco,Stream,,,,,,,,,,,,,,,,,,,,,-81.798,-11.888,
RI24-1150,Potash,03/14/2024,3:00,EDT,Isco,Stream,,,,,,,,,,,,,,,,,,,,,,,
RI24-1152,Potash,03/14/2024,6:00,EDT,Isco,Stream,,,,,,,,,,,,,,,,,,,,,,,
RI24-1151,Potash,03/14/2024,9:00,EDT,Isco,Stream,,,,,,,,,,,,,,,,,,,,,-81.329,-11.901,
RI24-1172,Wade,03/14/2024,15:00,EDT,Isco,Stream,,05/02/2024,,UVM-Aglab_,0.025,,2.973,-0.004,0.525,0.391,-0.016,0.531,-0.044,,1.256,,0,0.004,,,,,
RI24-1173,Wade,03/14/2024,18:00,EDT,Isco,Stream,,05/02/2024,,UVM-Aglab_,0.022,,2.994,0.008,0.546,0.39,-0.014,0.534,-0.027,,1.205,,0.003,0.004,,,-97.885,-14.26,
RI24-1174,Wade,03/14/2024,21:00,EDT,Isco,Stream,,05/02/2024,,UVM-Aglab_,0.023,,2.885,0.015,0.53,0.368,-0.014,0.494,-0.048,,1.126,,0,0.004,,,,,
RI24-1193,Hungerford,03/14/2024,18:00,EDT,Isco,Stream,,07/18/2024,,UVM-Aglab_Replaced with Si run values,-0.031,,36.034,0.005,3.046,6.456,-0.007,13.374,0.023,,2.587,,0.002,0.002,,,-86.732,-12.927,
RI24-1194,Hungerford,03/14/2024,21:00,EDT,Isco,Stream,,07/18/2024,,UVM-Aglab_Replaced with Si run values,-0.046,,35.998,0.018,3.108,6.375,-0.007,12.934,0.05,,3.432,,0.004,0.002,,,,,
RI24-1214,Potash,03/14/2024,12:00,EDT,Isco,Stream,,05/02/2024,,UVM-Aglab_,-0.023,,50.959,0.025,4.057,15.587,0.057,161.717,0.145,,2.248,,-0.001,0.007,,,,,
RI24-1215,Potash,03/14/2024,15:00,EDT,Isco,Stream,,05/02/2024,,UVM-Aglab_Replaced with re-run,-0.025,,47.939,0.021,3.034,16.155,0.048,156.764,0.141,,2.079,,-0.006,0.006,,,-80.84,-11.752,
RI24-1216,Potash,03/14/2024,18:00,EDT,Isco,Stream,,05/02/2024,,UVM-Aglab_,-0.039,,47.571,0.034,3.989,15.553,0.043,159.153,0.145,,2.124,,-0.004,0.006,,,,,
RI24-1217,Potash,03/14/2024,21:00,EDT,Isco,Stream,,05/02/2024,,UVM-Aglab_,-0.039,,49.417,0.013,4.138,15.766,0.045,162.302,0.136,,2.057,,-0.004,0.006,,,-80.318,-11.753,
RI24-1235,Wade,03/14/2024,0:00,EDT,Isco,Stream,,05/21/2024,,DartmouthID_AS-061025-149,0.0457484456198045,0.0068797116498583,7.5042012206817,0.0230182280748054,0.450358709046728,1.06214505365332,0.0080100778723469,1.25853526600503,0.0032739547916914,2.15319276083259,1.65228329825847,0.0444424134852248,0.039176785602324,,,,-97.077,-14.146,
RI24-1236,Wade,03/14/2024,3:00,EDT,Isco,Stream,,05/21/2024,,DartmouthID_AS-061025-143,0.0220660090018076,0.0027299099799754,3.11385816534487,0.0130189910332281,0.300509030549198,0.451554003051745,0.0005310456708514,0.550845933675425,0.0024417789001674,0.91226239618411,2.63852250069066,0.0184819741448956,0.0390515103869588,,,,,,
RI24-1237,Wade,03/14/2024,6:00,EDT,Isco,Stream,,05/21/2024,,DartmouthID_AS-061025-145,0.0321910571374749,0.0040493792669593,4.90735827696277,0.0313784882210971,0.439367615132427,0.713313926568766,0.0023449947544191,0.837411057781897,0.0051639834014022,1.45841841894102,0.87729702796871,0.0292093954025477,0.0344785339328534,,,,-97.07,-14.117,
RI24-1238,Wade,03/14/2024,9:00,EDT,Isco,Stream,,05/21/2024,,DartmouthID_AS-061025-142,0.0260413227738161,0.0030062400796086,3.13629990332143,0.0091155449417051,0.365709987912986,0.450642923044972,0.0026557487808157,0.545096378446448,0.0040368915503199,0.902663753880825,3.05023209667396,0.018867581122011,0.0377070778540044,,,,,,
RI24-1239,Wade,03/14/2024,12:00,EDT,Isco,Stream,,05/21/2024,,DartmouthID_AS-061025-150,0.0231536011050357,0.0030837656360763,3.74485733823322,0.0133837706837051,0.32267584335622,0.532675256876127,0.0006846495033252,0.648131557747955,0.0047783568209071,1.10772626734578,0.872820706144121,0.0222616897027153,0.0340500856857941,,,,-97.22,-14.179,
RI24-1240,Wade,03/14/2024,13:15,EDT,Grab,Stream,,05/21/2024,Gauge @ 0.45m SS,DartmouthID_AS-061025-141,0.0221532604532898,0.0032488236512465,3.14409027272085,0.0113842051072977,0.293706622100679,0.448915986554089,0.0034858570048521,0.522835787711601,0.0011642639059331,0.920779521112523,3.13895040201655,0.0186641656569425,0.0371302869034995,,,,,,
RI24-1175,Wade,03/15/2024,0:00,EDT,Isco,Stream,,05/02/2024,,UVM-Aglab_,0.019,,2.962,0.015,0.536,0.388,-0.014,0.529,-0.038,,1.121,,-0.002,0.004,,,-99.768,-14.473,
RI24-1176,Wade,03/15/2024,3:00,EDT,Isco,Stream,,05/02/2024,,UVM-Aglab_,0.02,,2.872,0.002,0.554,0.357,-0.015,0.498,-0.038,,1.153,,0,0.005,,,,,
RI24-1177,Wade,03/15/2024,6:00,EDT,Isco,Stream,,05/02/2024,,UVM-Aglab_,0.03,,2.589,0.016,0.553,0.322,-0.015,0.479,-0.04,,0.95,,-0.007,0.004,,,-102.662,-14.853,
RI24-1178,Wade,03/15/2024,9:00,EDT,Isco,Stream,,05/02/2024,,UVM-Aglab_,0.037,,2.461,0.01,0.537,0.286,-0.015,0.458,-0.045,,0.862,,-0.002,0.004,,,,,
RI24-1179,Wade,03/15/2024,12:00,EDT,Isco,Stream,,05/02/2024,,UVM-Aglab_,0.031,,2.437,0.006,0.612,0.277,-0.014,0.456,-0.036,,0.852,,0,0.004,,,-103.194,-14.745,
RI24-1180,Wade,03/15/2024,15:00,EDT,Isco,Stream,,05/02/2024,,UVM-Aglab_,0.029,,2.407,0.001,0.554,0.279,-0.015,0.446,-0.038,,0.857,,-0.007,0.004,,,,,
RI24-1181,Wade,03/15/2024,18:00,EDT,Isco,Stream,,05/02/2024,,UVM-Aglab_,0.034,,2.496,0.002,0.521,0.285,-0.015,0.433,-0.031,,0.934,,0.003,0.004,,,-102.568,-14.731,
RI24-1182,Wade,03/15/2024,21:00,EDT,Isco,Stream,,05/02/2024,,UVM-Aglab_,0.035,,2.513,0.001,0.523,0.292,-0.015,0.453,-0.035,,0.97,,-0.002,0.004,,,,,
RI24-1195,Hungerford,03/15/2024,0:00,EDT,Isco,Stream,,07/18/2024,,UVM-Aglab_Replaced with Si run values,-0.046,,36.969,0.014,3.222,6.496,-0.008,13.039,0.052,,3.533,,0.002,0.002,,,-86.833,-12.598,
RI24-1196,Hungerford,03/15/2024,3:00,EDT,Isco,Stream,,07/18/2024,,UVM-Aglab_Replaced with Si run values,-0.05,,36.293,0.005,3.064,6.384,-0.009,13.228,0.03,,2.7,,-0.002,0.002,,,,,
RI24-1197,Hungerford,03/15/2024,6:00,EDT,Isco,Stream,,07/18/2024,,UVM-Aglab_Replaced with Si run values,-0.043,,33.332,0.009,2.967,5.874,-0.009,13.046,0.027,,2.28,,-0.002,0.002,,,-87.645,-12.726,
RI24-1198,Hungerford,03/15/2024,9:00,EDT,Isco,Stream,,07/18/2024,,UVM-Aglab_Replaced with Si run values,-0.038,,33.421,0.019,3.505,5.994,-0.008,12.494,0.049,,2.805,,0.002,0.003,,,,,
RI24-1199,Hungerford,03/15/2024,12:00,EDT,Isco,Stream,,07/18/2024,,UVM-Aglab_Replaced with Si run values,-0.04,,31.714,0.016,3.459,5.734,-0.009,12.997,0.031,,2.392,,0.003,0.003,,,-90.334,-12.956,
RI24-1200,Hungerford,03/15/2024,15:00,EDT,Isco,Stream,,07/18/2024,,UVM-Aglab_Replaced with Si run values,-0.034,,29.902,0.02,3.15,5.392,-0.008,12.013,0.032,,2.93,,0.007,0.003,,,,,
RI24-1204,Hungerford,03/15/2024,18:00,EDT,Isco,Stream,,07/18/2024,,UVM-Aglab_Replaced with Si run values,-0.04,,29.794,0.007,3.044,5.432,-0.009,11.542,0.033,,2.603,,0.003,0.002,,,-90.26,-12.947,
RI24-1205,Hungerford,03/15/2024,21:00,EDT,Isco,Stream,,07/18/2024,,UVM-Aglab_Replaced with Si run values,-0.034,,30.104,0.011,2.934,5.478,-0.008,11.297,0.024,,2.723,,0.001,0.002,,,-89.296,-12.795,
RI24-1218,Potash,03/15/2024,0:00,EDT,Isco,Stream,,05/02/2024,,UVM-Aglab_,-0.02,,39.94,0.017,3.981,15.314,0.032,167.374,0.14,,1.946,,-0.003,0.007,,,,,
RI24-1219,Potash,03/15/2024,3:00,EDT,Isco,Stream,,05/02/2024,,UVM-Aglab_,-0.031,,43.878,0.055,3.947,13.194,0.044,152.759,0.125,,2.098,,-0.005,0.007,,,-81.984,-11.809,
RI24-1220,Potash,03/15/2024,6:00,EDT,Isco,Stream,,05/02/2024,,UVM-Aglab_,0.003,,34.775,0.042,3.645,10.278,0.027,127.288,0.117,,1.765,,-0.005,0.007,,,,,
RI24-1222,Potash,03/15/2024,9:00,EDT,Isco,Stream,,05/02/2024,,UVM-Aglab_,0.078,,34.606,0.11,3.022,10.074,0.033,114.578,0.106,,1.948,,-0.006,0.007,,,-84.451,-12.028,
RI24-1223,Potash,03/15/2024,12:00,EDT,Isco,Stream,,05/02/2024,,UVM-Aglab_,0.064,,35.313,0.095,3.022,10.34,0.026,100.701,0.123,,2.133,,-0.005,0.008,,,,,
RI24-1224,Potash,03/15/2024,15:00,EDT,Isco,Stream,,05/02/2024,,UVM-Aglab_,0.02,,36.697,0.074,3.111,11.24,0.031,109.869,0.11,,2.064,,0.005,0.008,,,-83.743,-11.93,
RI24-1225,Potash,03/15/2024,18:00,EDT,Isco,Stream,,05/02/2024,,UVM-Aglab_,0.013,,39.909,0.08,3.274,12.234,0.031,126.272,0.124,,2.166,,0.006,0.007,,,,,
RI24-1226,Potash,03/15/2024,21:00,EDT,Isco,Stream,,05/02/2024,,UVM-Aglab_,-0.009,,39.429,0.069,3.478,12.75,0.027,132.927,0.118,,2.182,,0.004,0.006,,,-83.674,-11.936,
RI24-1183,Wade,03/16/2024,0:00,EDT,Isco,Stream,,05/02/2024,,UVM-Aglab_,0.033,,2.45,0.003,0.59,0.294,-0.015,0.484,-0.042,,0.979,,0.005,0.004,,,-103.249,-14.829,
RI24-1184,Wade,03/16/2024,3:00,EDT,Isco,Stream,,05/02/2024,,UVM-Aglab_,0.025,,2.527,0.001,0.579,0.312,-0.015,0.475,-0.048,,1.017,,-0.006,0.004,,,,,
RI24-1185,Wade,03/16/2024,6:00,EDT,Isco,Stream,,05/02/2024,,UVM-Aglab_,0.032,,2.641,0.002,0.563,0.323,-0.015,0.477,-0.044,,1.064,,-0.003,0.004,,,-101.685,-14.786,
RI24-1186,Wade,03/16/2024,9:00,EDT,Isco,Stream,,05/02/2024,,UVM-Aglab_,0.029,,2.614,-0.001,0.548,0.323,-0.015,0.466,-0.04,,1.062,,-0.004,0.004,,,,,
RI24-1187,Wade,03/16/2024,12:00,EDT,Isco,Stream,,05/02/2024,,UVM-Aglab_,0.022,,2.594,0.001,0.549,0.322,-0.015,0.463,-0.034,,1.033,,-0.009,0.004,,,-101.472,-14.631,
RI24-1188,Wade,03/16/2024,17:30,EDT,Grab,Stream,,05/02/2024,Grab Taken in (acidwashed) polypro bottle,UVM-Aglab_,0.018,,2.599,0,0.573,0.321,-0.015,0.483,-0.037,,1.011,,-0.009,0.004,,,-101.457,-14.745,
RI24-1164,Wade,03/16/2024,18:00,EDT,Isco,Stream,,07/18/2024,,UVM-Aglab_Replaced with Si run values,0.036,,2.492,0.02,0.905,0.335,0.016,0.899,0.038,,0.604,,0.029,0.007,2.396518466,Run 2024-10-31,-105.804,-15.084,
RI24-1206,Hungerford,03/16/2024,0:00,EDT,Isco,Stream,,07/18/2024,,UVM-Aglab_Replaced with Si run values,-0.037,,30.65,0.012,2.801,5.454,-0.008,11.214,0.031,,2.731,,0.003,0.002,,,-88.539,-12.728,
RI24-1207,Hungerford,03/16/2024,3:00,EDT,Isco,Stream,,07/18/2024,,UVM-Aglab_Replaced with Si run values,-0.011,,30.002,0.068,2.704,5.554,0.001,11.168,0.033,,2.446,,0.006,0.002,,,,,
RI24-1208,Hungerford,03/16/2024,6:00,EDT,Isco,Stream,,07/18/2024,,UVM-Aglab_Replaced with Si run values,-0.044,,31.25,0.011,2.631,5.586,-0.009,11.273,0.016,,2.712,,0,0.002,,,-87.585,-12.674,
RI24-1209,Hungerford,03/16/2024,9:00,EDT,Isco,Stream,,07/18/2024,,UVM-Aglab_Replaced with Si run values,-0.032,,31.917,0.037,2.695,5.733,-0.003,11.635,0.019,,2.47,,-0.003,0.002,,,,,
RI24-1189,Hungerford,03/16/2024,12:00,EDT,Isco,Stream,,07/18/2024,,UVM-Aglab_Replaced with Si run values,-0.031,,32.011,0.007,2.918,5.847,-0.009,11.739,0.028,,2.847,,0.007,0.003,,,-87.659,-12.883,
RI24-1190,Hungerford,03/16/2024,15:00,EDT,Isco,Stream,,07/18/2024,,UVM-Aglab_Replaced with Si run values,-0.019,,33.687,0.025,3.089,6.155,-0.006,12.305,0.038,,2.249,,0.009,0.002,,,,,
RI24-1210,Hungerford,03/16/2024,15:00,EDT,Grab,Stream,,07/18/2024,Grab Taken in (acidwashed) polypro bottle,UVM-Aglab_Replaced with Si run values,-0.044,,32.959,0.022,3.058,6.22,0.008,12.197,0.045,,2.736,,0.001,0.002,18.693,Run 2025-06-05,-86.81,-12.635,
RI24-1134,Hungerford,03/16/2024,18:00,EDT,Isco,Stream,,04/15/2024,,UVM-Aglab_2024-03-28 run at UVM,-0.022,,33.931,0.047,2.756,6.277,0.004,12.019,0.061,,2.253,,0.004,0.005,20.2280572,Run 2024-10-31,-86.647,-12.649,
RI24-1227,Potash,03/16/2024,0:00,EDT,Isco,Stream,,05/02/2024,,UVM-Aglab_,-0.035,,52.76,0.028,3.596,13.552,0.035,130.34,0.129,,2.256,,0.003,0.007,,,-83.398,-11.981,
RI24-1228,Potash,03/16/2024,3:00,EDT,Isco,Stream,,05/02/2024,,UVM-Aglab_,0.007,,0.112,-0.007,-0.313,0.019,-0.003,0.395,0.018,,-0.174,,-0.01,0.008,,,,,
RI24-1229,Potash,03/16/2024,6:00,EDT,Isco,Stream,,05/02/2024,,UVM-Aglab_,-0.028,,40.739,0.034,3.5,13.728,0.034,140.061,0.124,,2.269,,0.01,0.006,,,-83.173,-12.051,
RI24-1230,Potash,03/16/2024,9:00,EDT,Isco,Stream,,05/02/2024,,UVM-Aglab_,-0.038,,42.321,0.028,3.532,14.127,0.038,136.353,0.13,,2.281,,0.012,0.007,,,,,
RI24-1203,Potash,03/16/2024,11:00,EDT,Grab,Stream,,05/02/2024,Grab Taken in (acidwashed) polypro bottle,UVM-Aglab_,-0.021,,44.293,0.065,3.985,14.316,0.037,138.897,0.134,,2.353,,-0.002,0.007,274.291,Run 2025-06-05,-82.57,-11.978,
RI24-1155,Potash,03/16/2024,12:00,EDT,Isco,Stream,,07/18/2024,,UVM-Aglab_Replaced with Si run values,-0.046,,43.587,0.01,3.386,12.883,0.034,125.959,0.131,,3.486,,0.01,0.007,,,,,
RI24-1156,Potash,03/16/2024,18:00,EDT,Isco,Stream,,07/18/2024,,UVM-Aglab_Replaced with Si run values,-0.05,,44.483,0.016,3.573,12.922,0.033,121.113,0.142,,4.308,,0.009,0.007,,,,,
RI24-1165,Wade,03/17/2024,0:00,EDT,Isco,Stream,,07/18/2024,,UVM-Aglab_Replaced with Si run values,0.028,,2.452,0.01,0.819,0.329,-0.002,0.733,0.034,,0.996,,0.007,0.006,,,,,
RI24-1166,Wade,03/17/2024,6:00,EDT,Isco,Stream,,07/18/2024,,UVM-Aglab_Replaced with Si run values,0.034,,2.523,0.012,0.685,0.334,-0.002,0.563,0.045,,1.265,,0.012,0.006,,,,,
RI24-1167,Wade,03/17/2024,12:00,EDT,Isco,Stream,,05/02/2024,,UVM-Aglab_,0.033,,2.317,0.023,0.527,0.269,-0.007,0.512,-0.044,,0.973,,-0.005,0.005,,,,,
RI24-1168,Wade,03/17/2024,18:00,EDT,Isco,Stream,,05/02/2024,,UVM-Aglab_,0.044,,2.228,0.028,0.505,0.251,0.038,0.472,-0.04,,0.968,,-0.001,0.004,1.998959204,Run 2024-10-31,-105.456,-14.991,
RI24-1135,Hungerford,03/17/2024,0:00,EDT,Isco,Stream,,04/15/2024,,UVM-Aglab_2024-03-28 run at UVM,-0.006,,32.853,0.106,2.56,6.086,0.02,12.351,0.056,,2.205,,-0.004,0.006,20.11970933,Run 2024-10-31,-86.507,-12.497,
RI24-1136,Hungerford,03/17/2024,6:00,EDT,Isco,Stream,,04/15/2024,,UVM-Aglab_2024-03-28 run at UVM,-0.022,,33.633,0.063,2.443,6.063,0.004,12.026,0.047,,2.201,,-0.004,0.006,19.07303884,Run 2024-10-31,-86.167,-12.384,
RI24-1137,Hungerford,03/17/2024,12:00,EDT,Isco,Stream,,07/18/2024,,UVM-Aglab_Replaced with Si run values,-0.023,,32.815,0.033,2.795,5.902,-0.003,11.556,0.084,,3.855,,-0.001,0.007,14.29239497,Run 2024-10-31,-85.7,-12.313,
RI24-1138,Hungerford,03/17/2024,18:00,EDT,Isco,Stream,,07/18/2024,,UVM-Aglab_Replaced with Si run values,0.003,,33.717,0.067,2.983,6.091,0.005,11.78,0.097,,4.181,,0.001,0.007,13.35740864,Run 2024-10-31,-85.689,-12.259,
RI24-1157,Potash,03/17/2024,0:00,EDT,Isco,Stream,,07/18/2024,,UVM-Aglab_Replaced with Si run values,-0.053,,46.288,0.016,3.783,13.586,0.039,122.862,0.14,,2.099,,0.026,0.007,,,,,
RI24-1158,Potash,03/17/2024,6:00,EDT,Isco,Stream,,07/18/2024,,UVM-Aglab_Replaced with Si run values,-0.053,,46.163,0.013,3.743,13.259,0.043,121.304,0.141,,2.13,,0.006,0.007,,,,,
RI24-1159,Potash,03/17/2024,12:00,EDT,Isco,Stream,,07/18/2024,,UVM-Aglab_Replaced with Si run values,-0.052,,47.289,0.029,3.854,13.763,0.059,130.339,0.151,,3.224,,0.001,0.006,191.652051,Run 2024-10-31,-80.834,-11.899,
RI24-1160,Potash,03/17/2024,18:00,EDT,Isco,Stream,,07/18/2024,,UVM-Aglab_Replaced with Si run values,-0.048,,47.215,0.029,3.727,13.808,0.072,129.496,0.145,,2.593,,0.002,0.007,,,,,
RI24-1169,Wade,03/18/2024,0:00,EDT,Isco,Stream,,05/02/2024,,UVM-Aglab_,0.052,,2.395,0.034,0.494,0.273,-0.011,0.47,-0.042,,1.012,,-0.005,0.005,5.441367157,Run 2024-10-31,-104.794,-14.956,
RI24-1170,Wade,03/18/2024,6:00,EDT,Isco,Stream,,05/02/2024,,UVM-Aglab_,0.024,,2.537,0.007,0.505,0.299,-0.013,0.455,-0.033,,1.105,,-0.002,0.004,,,-103.648,-14.876,
RI24-1171,Wade,03/18/2024,12:00,EDT,Isco,Stream,,05/02/2024,,UVM-Aglab_,0.027,,2.54,0.013,0.502,0.314,-0.011,0.487,-0.033,,1.139,,-0.006,0.004,,,-103.065,-14.79,
RI24-1154,Wade,03/18/2024,15:45,EDT,Grab,Stream,,07/18/2024,Grab Taken in (acidwashed) polypro bottle,UVM-Aglab_Replaced with Si run values,0.032,,2.552,0.02,0.672,0.335,0.002,0.497,0.038,,1.608,,0.001,0.006,1.785714139,Run 2024-10-31,-102.58,-14.833,
RI24-1096,Wade,03/18/2024,15:30,EDT,Snowmelt lysimeter,Endmember,,04/15/2024,,UVM-Aglab_2024-03-28 run at UVM,0.005,,1.072,-0.008,0.444,0.315,-0.01,0.464,-0.003,,0.11,,-0.003,0.004,1.664083231,Run 2024-10-31,-123.895,-17.346,
RI24-1139,Hungerford,03/18/2024,0:00,EDT,Isco,Stream,,07/18/2024,,UVM-Aglab_Replaced with Si run values,-0.002,,33.633,0.07,2.863,6.032,0.003,11.77,0.085,,2.698,,-0.003,0.007,16.31879304,Run 2024-10-31,-85.436,-12.221,
RI24-1140,Hungerford,03/18/2024,6:00,EDT,Isco,Stream,,07/18/2024,,UVM-Aglab_Replaced with Si run values,-0.021,,33.592,0.042,2.742,5.938,0.003,11.757,0.077,,3.182,,0,0.007,14.61133658,Run 2024-10-31,-84.802,-12.208,
RI24-1163,Hungerford,03/18/2024,12:00,EDT,Isco,Stream,,07/18/2024,,UVM-Aglab_Replaced with Si run values,-0.024,,33.844,0.036,3.009,6.057,0.017,12.508,0.097,,3.599,,-0.002,0.007,16.38673721,Run 2024-10-31,-84.697,-12.278,
RI24-1153,Hungerford,03/18/2024,14:00,EDT,Grab,Stream,,07/18/2024,Grab Taken in (acidwashed) polypro bottle,UVM-Aglab_Replaced with Si run values,-0.031,,34.871,0.044,2.611,6.252,0.02,11.999,0.086,,3.974,,-0.002,0.007,12.84099347,Run 2024-10-31,-84.884,-12.456,
RI24-1095,Hungerford,03/18/2024,14:15,EDT,Snowmelt lysimeter,Endmember,,04/15/2024,,UVM-Aglab_2024-03-28 run at UVM,0.013,,1.945,0.006,0.506,0.7,-0.004,5.252,0.056,,0.553,,0.006,0.008,3.640859084,Run 2024-10-17,-146.128,-18.863,
RI24-1161,Potash,03/18/2024,0:00,EDT,Isco,Stream,,07/18/2024,,UVM-Aglab_Replaced with Si run values,-0.05,,48.186,0.025,3.84,14.066,0.051,128.891,0.134,,1.721,,0.028,0.007,274.155771,Run 2024-10-31,-80.008,-11.697,
RI24-1162,Potash,03/18/2024,6:00,EDT,Isco,Stream,,07/18/2024,,UVM-Aglab_Replaced with Si run values,-0.051,,48.899,0.037,3.789,14.244,0.057,126.871,0.141,,1.956,,-0.001,0.006,,,,,
RI24-1097,Potash,03/18/2024,11:45,EDT,Grab,Stream,,04/15/2024,Grab Taken in (acidwashed) polypro bottle,UVM-Aglab_2024-03-28 run at UVM,-0.054,,51.891,0.016,2.688,15.415,0.06,138.777,0.114,,1.873,,-0.002,0.005,275.1438691,Run 2024-10-31,-79.912,-11.681,
RI24-1094,Potash,03/18/2024,13:00,EDT,Snowmelt lysimeter,Endmember,,04/15/2024,,UVM-Aglab_2024-03-28 run at UVM,-0.003,,2.368,-0.005,1.017,0.644,-0.001,1.789,0.048,,0.374,,-0.002,0.007,4.19693782,Run 2024-10-17,-96.514,-13.525,
RI24-1268,Wade,03/26/2024,10:30,EDT,Grab,Stream,,07/12/2024,Grab Taken in (acidwashed) polypro bottle,DartmouthID_AS-060325-204,0.0209398796401364,0.0032069911652469,3.66957951761789,0.0133627727297924,0.167719905691539,0.506696744397381,0.0044679201774277,0.57795322836283,0.0050843279998455,1.03511451307318,3.20877415963813,0.0204947104887986,0.146088271437899,,,,,,
RI24-1269,Wade,03/26/2024,12:00,EDT,Isco,Stream,,07/18/2024,,UVM-Aglab_Replaced with Si run values,0.012,,2.921,0.003,0.797,0.421,-0.002,0.738,0.042,,0.58,,0.044,0.007,,,,,
RI24-1270,Wade,03/26/2024,15:00,EDT,Isco,Stream,,07/18/2024,,UVM-Aglab_Replaced with Si run values,0.013,,2.87,0.006,0.773,0.412,-0.002,0.696,0.039,,1.594,,0.006,0.007,,,,,
RI24-1271,Wade,03/26/2024,18:00,EDT,Isco,Stream,,07/18/2024,,UVM-Aglab_Replaced with Si run values,0.018,,2.711,0.01,0.761,0.379,0,0.671,0.036,,0.099,,0.01,0.006,,,,,
RI24-1272,Wade,03/26/2024,21:00,EDT,Isco,Stream,,07/18/2024,,UVM-Aglab_Replaced with Si run values,0.023,,2.513,0.01,0.737,0.346,-0.001,0.617,0.042,,0.059,,-0.006,0.006,,,,,
RI24-1267,Hungerford,03/26/2024,12:00,EDT,Baseflow,Endmember,,07/12/2024,"Sunny, some snow still on ground. 40s",DartmouthID_AS-060325-203,0.0151832160409502,0.0137520070283557,36.5368991902387,0.0456121842968216,2.64189597846027,7.26256562613223,0.0097109794719291,14.3005759594319,0.0213970033105503,5.60118951510513,5.2538413868656,0.168031097528127,0.0308215827195021,,,,,,
RI24-1278,Hungerford,03/26/2024,15:00,EDT,Isco,Stream,,07/18/2024,,UVM-Aglab_Replaced with Si run values,-0.025,,30.91,0.022,3.191,7.456,0.009,18.749,0.038,,2.707,,0.004,0.007,,,,,
RI24-1279,Hungerford,03/26/2024,18:00,EDT,Isco,Stream,,07/18/2024,,UVM-Aglab_Replaced with Si run values,-0.029,,29.04,0.029,2.939,6.602,0.01,16.447,0.037,,2.342,,-0.002,0.007,,,,,
RI24-1280,Hungerford,03/26/2024,21:00,EDT,Isco,Stream,,07/18/2024,,UVM-Aglab_Replaced with Si run values,-0.028,,32.746,0.023,3.25,6.635,0.01,15.728,0.053,,2.348,,0.004,0.008,,,,,
RI24-1273,Wade,03/27/2024,0:00,EDT,Isco,Stream,,07/18/2024,,UVM-Aglab_Replaced with Si run values,0.027,,2.414,0.013,0.7,0.333,0,0.559,0.052,,0.468,,-0.007,0.006,,,,,
RI24-1274,Wade,03/27/2024,3:00,EDT,Isco,Stream,,07/18/2024,,UVM-Aglab_Replaced with Si run values,0.028,,2.375,0.013,0.7,0.329,0.002,0.561,0.042,,0.113,,-0.004,0.007,,,,,
RI24-1275,Wade,03/27/2024,6:00,EDT,Isco,Stream,,07/18/2024,,UVM-Aglab_Replaced with Si run values,0.023,,2.314,0.01,0.685,0.325,-0.002,0.545,0.032,,0.396,,-0.003,0.006,,,,,
RI24-1276,Wade,03/27/2024,9:00,EDT,Isco,Stream,,07/18/2024,,UVM-Aglab_Replaced with Si run values,0.027,,2.387,0.004,0.972,0.32,-0.009,0.656,-0.01,,0.973,,0.003,0.007,,,,,
RI24-1277,Wade,03/27/2024,13:00,EDT,Grab,Stream,,07/18/2024,Grab Taken in (acidwashed) polypro bottle,UVM-Aglab_Replaced with Si run values,0.025,,2.277,0.002,0.974,0.294,-0.008,0.635,-0.006,,0.92,,0.006,0.007,,,,,
RI24-1281,Hungerford,03/27/2024,0:00,EDT,Isco,Stream,,07/18/2024,,UVM-Aglab_Replaced with Si run values,0.006,,31.494,0.07,2.876,5.779,0.007,13.856,0.098,,3.907,,-0.001,0.007,,,,,
RI24-1282,Hungerford,03/27/2024,3:00,EDT,Isco,Stream,,07/18/2024,,UVM-Aglab_Replaced with Si run values,0.001,,30.789,0.07,3.046,5.652,0.009,13.186,0.094,,3.41,,0.026,0.007,,,,,
RI24-1283,Hungerford,03/27/2024,6:00,EDT,Isco,Stream,,07/18/2024,,UVM-Aglab_Replaced with Si run values,0.005,,25.942,0.064,2.955,5.56,0.007,12.823,0.084,,2.33,,0,0.007,,,,,
RI24-1284,Hungerford,03/27/2024,9:00,EDT,Isco,Stream,,07/18/2024,,UVM-Aglab_Replaced with Si run values,-0.01,,30.408,0.057,2.922,5.563,0.008,12.527,0.097,,2.63,,-0.004,0.007,,,,,
RI24-1285,Hungerford,03/27/2024,15:30,EDT,Grab,Stream,,07/18/2024,"Cloudy, 48 F, Gauge @ 0.8m MED LC",UVM-Aglab_Replaced with Si run values,0.01,,29.069,0.073,3.124,5.693,0.012,11.549,0.111,,2.002,,0,0.008,,,,,
RI24-1286,Wade,03/27/2024,13:30,EDT,Snowmelt lysimeter,Endmember,,07/18/2024,,UVM-Aglab_Replaced with Si run values,0.007,,0.783,-0.007,0.788,0.257,-0.005,0.239,0.033,,0.129,,0,0.006,3.241,Run 2025-06-05,-158.817,-21.928,
RI24-1302,Hungerford,03/27/2024,17:00,EDT,Isco,Stream,,,,,,,,,,,,,,,,,,,,,,,
RI24-1303,Hungerford,03/27/2024,20:00,EDT,Isco,Stream,,,,,,,,,,,,,,,,,,,,,,,
RI24-1304,Hungerford,03/27/2024,23:00,EDT,Isco,Stream,,,,,,,,,,,,,,,,,,,,,,,
RI24-1287,Wade,03/27/2024,15:00,EDT,Isco,Stream,,,,DartmouthID_duffy-030625-090,0.0264067163746735,0.0022829539627441,2.81868605435525,0.0178385319177312,0.152550727904573,0.358052731412444,0.0058257265536225,0.735348806031519,0.0033946121708116,0.749622937152158,1.64534277063742,0.0160936862315795,0.0115109026627123,,,,,,
RI24-1288,Wade,03/27/2024,18:00,EDT,Isco,Stream,,,,DartmouthID_duffy-030625-091,0.0797390070341976,0.0023306805008697,2.53772099736247,0.0757525558032444,0.120585043002024,0.362161198986535,0.0071855211473269,0.513622112839328,0.0057438240044162,0.742551449308232,2.22323150258241,0.0160096231795466,0.0018928061922924,,,,,,
RI24-1289,Wade,03/27/2024,21:00,EDT,Isco,Stream,,,,DartmouthID_duffy-030625-092,0.0281149078512403,0.0022613388457376,2.33938885027497,0.0184274100197339,0.0959255921399342,0.32504183333077,0.0033706165190325,0.387713604069257,0.0015949665113419,0.6921875537941,1.65987335804114,0.0146106372044505,0.0068235394979093,,,,,,
RI24-1305,Hungerford,03/28/2024,2:00,EDT,Isco,Stream,,,,,,,,,,,,,,,,,,,,,,,
RI24-1306,Hungerford,03/28/2024,5:00,EDT,Isco,Stream,,,,,,,,,,,,,,,,,,,,,,,
RI24-1307,Hungerford,03/28/2024,8:00,EDT,Isco,Stream,,,,,,,,,,,,,,,,,,,,,,,
RI24-1308,Hungerford,03/28/2024,11:00,EDT,Isco,Stream,,,,,,,,,,,,,,,,,,,,,,,
RI24-1309,Hungerford,03/28/2024,14:00,EDT,Isco,Stream,,,,,,,,,,,,,,,,,,,,,,,
RI24-1310,Hungerford,03/28/2024,17:00,EDT,Isco,Stream,,,,,,,,,,,,,,,,,,,,,,,
RI24-1311,Hungerford,03/28/2024,20:00,EDT,Isco,Stream,,,,,,,,,,,,,,,,,,,,,,,
RI24-1312,Hungerford,03/28/2024,23:00,EDT,Isco,Stream,,,,,,,,,,,,,,,,,,,,,,,
RI24-1290,Wade,03/28/2024,0:00,EDT,Isco,Stream,,,,DartmouthID_duffy-030625-093,0.0392705623408288,0.0025654365510317,2.38386504737277,0.0221695908763182,0.115403642008067,0.32430531278693,0.0035561595648881,0.371020207336253,0.0029317355956196,0.689076102559037,1.75405257503701,0.0145225302080199,0.0042008915551226,,,,,,
RI24-1291,Wade,03/28/2024,3:00,EDT,Isco,Stream,,,,DartmouthID_duffy-030625-094,0.042479391496809,0.0022152323184923,2.32151284432251,0.023776416051682,0.0630073701970721,0.324832301173772,0.0036752666515706,0.338054905125345,0.0014579300239903,0.684760484593721,1.86627709332883,0.0141997177474337,0.0041733579485384,,,,,,
RI24-1292,Wade,03/28/2024,6:00,EDT,Isco,Stream,,,,DartmouthID_duffy-030625-095,0.0478670414772722,0.0020666280261779,2.32176138111872,0.0198051963162977,0.0514914110439822,0.324003283524096,0.0047883687679383,0.378593841556304,0.0013809941051857,0.682293229566645,1.92167342511142,0.0141989688389682,0.0094083949582126,,,,,,
RI24-1293,Wade,03/28/2024,9:00,EDT,Isco,Stream,,,,DartmouthID_duffy-030625-096,0.041104577083082,0.0029346368390953,2.64548465997012,0.019990354784134,0.194701882828625,0.36710658132706,0.005558813539976,0.568225894481183,0.0025656217065193,0.760608772079933,2.08242751520248,0.016278875594695,0.0066600143748374,,,,,,
RI24-1294,Wade,03/28/2024,12:00,EDT,Isco,Stream,,,,DartmouthID_duffy-030625-097,0.0455692207852785,0.0024999922428245,2.47561138270125,0.0173490691969282,0.0709491292203864,0.338777658296392,0.0060746119397097,0.364884123672091,0.0018442608860299,0.697300379851674,2.10268984634097,0.0148534355376566,0.0036853252842328,,,,,,
RI24-1295,Wade,03/28/2024,15:00,EDT,Isco,Stream,,,,DartmouthID_duffy-030625-098,0.0344481693625567,0.0023978901886835,2.45920410237601,0.0149098165955963,0.0554102162253496,0.339858692925222,0.0051649403825479,0.407266932200276,0.0040463592042462,0.71272295271606,1.94127632942397,0.0150867234477232,0.0034112560355489,,,,,,
RI24-1296,Wade,03/28/2024,18:00,EDT,Isco,Stream,,,,DartmouthID_duffy-030625-099,0.0205074881408054,0.0032235011042571,2.45835603295627,0.0129456873015568,0.091330142373865,0.336196200148284,0.0036953284202404,0.419830204320998,0.0021041848000516,0.726017515804887,1.79986209549946,0.0149897077769399,0.0021441362369832,,,,,,
RI24-1297,Wade,03/28/2024,21:00,EDT,Isco,Stream,,,,DartmouthID_duffy-030625-100,0.0357173378754069,0.0028170952503195,2.51916341325729,0.0165036846323257,0.101567355653699,0.337751270570404,0.0037601925653294,0.413748830984491,0.0027363298072787,0.734677979868285,2.06421828312023,0.0152883452089009,0.0178051908600981,,,,,,
RI24-1313,Hungerford,03/29/2024,2:00,EDT,Isco,Stream,,,,,,,,,,,,,,,,,,,,,,,
RI24-1314,Hungerford,03/29/2024,5:00,EDT,Isco,Stream,,,,,,,,,,,,,,,,,,,,,,,
RI24-1315,Hungerford,03/29/2024,8:00,EDT,Isco,Stream,,,,,,,,,,,,,,,,,,,,,,,
RI24-1316,Hungerford,03/29/2024,11:00,EDT,Isco,Stream,,,,,,,,,,,,,,,,,,,,,,,
RI24-1317,Hungerford,03/29/2024,14:00,EDT,Isco,Stream,,,"Newrnet grab at 3/29/24 15:44 no RI24 ID Sunny, 40 F flow very high with high tubidity SB SS",,,,,,,,,,,,,,,,,,,,
RI24-1318,Hungerford,03/29/2024,18:00,EDT,Isco,Stream,,07/12/2024,,DartmouthID_AS-060325-202,0.0129496944159009,0.0161160231396208,41.0086090794393,0.0506901881941506,2.42563743601267,7.17032091650478,0.0087175750466589,14.4457565614437,0.0228938777852976,5.6276846074283,5.10828778339685,0.183883856194189,0.0180191324594558,,,,,,
RI24-1331,Wade,03/29/2024,15:00,EDT,Isco,Stream,,07/18/2024,,UVM-Aglab_Replaced with Si run values,0.059,,7.321,0.017,0.851,0.957,0.008,1.195,-0.009,,0.056,,0.108,0.014,,,,,
RI24-1332,Wade,03/29/2024,21:00,EDT,Isco,Stream,,07/18/2024,,UVM-Aglab_Replaced with Si run values,0.088,,8.429,0.028,0.871,1.154,0.003,1.415,-0.008,,0.011,,0.022,0.009,,,,,
RI24-1298,Wade,03/29/2024,0:00,EDT,Isco,Stream,,,,DartmouthID_duffy-030625-101,0.0561551576462459,0.002938841166612,2.47867095541265,0.0994814708507937,0.111372224856568,0.380924015525372,0.0062071710542729,0.453080187737902,0.0063816061269176,0.741897753342158,1.59882320630892,0.0152268614541173,0.0042150472728949,,,,,,
RI24-1299,Wade,03/29/2024,3:00,EDT,Isco,Stream,,,,DartmouthID_duffy-030625-102,0.0357482732864451,0.0026991253152918,2.66968518850032,0.0176048793447069,0.100980963536893,0.3706915703968,0.0050786455375165,0.423999421407498,0.0027366332190077,0.760358441938585,1.77923442230979,0.0162490186636153,0.0043666379816597,,,,,,
RI24-1300,Wade,03/29/2024,6:00,EDT,Isco,Stream,,,,DartmouthID_duffy-030625-103,0.0331824374582655,0.0029648338500767,2.6410909200418,0.017567470714684,0.0812357247135054,0.362021361829341,0.0039215209479002,0.425559698027574,0.0030125493989679,0.762397979858002,1.67098929459106,0.0158433744517992,0.0177109105364476,,,,,,
RI24-1301,Wade,03/29/2024,9:00,EDT,Isco,Stream,,,Newrnet grab taken 3/29/24 11:30 with no RI24 ID SB,DartmouthID_duffy-030625-104,0.0309140348317815,0.0030378575114212,2.7726079891988,0.0150603153119436,0.0928699748523478,0.386459846805507,0.0044521678007207,0.446861152272945,0.0018443068612571,0.786710979107979,2.10256877752097,0.0168522863442346,0.0036397936232515,,,,,,
RI24-1319,Hungerford,03/30/2024,0:00,EDT,Isco,Stream,,07/12/2024,,DartmouthID_AS-060325-201,0.0141486509660131,0.0151678613247753,39.7543332585046,0.0438494222657788,2.50606293902676,7.2401325620243,0.0075272013615697,14.6011319096736,0.0214349944998736,5.61698564044029,4.85231416728467,0.180635597563495,0.0092167307301026,,,,,,
RI24-1320,Hungerford,03/30/2024,6:00,EDT,Isco,Stream,,07/12/2024,,DartmouthID_AS-060325-200,0.013791877730113,0.0154308347455375,40.4701600081591,0.0375239787458139,2.63412648093854,7.37013881202797,0.015094367077777,14.7916122588386,0.0215188697164905,5.74164144099964,4.81909340802162,0.18371436793471,0.0077020860950663,,,,,,
RI24-1321,Hungerford,03/30/2024,12:00,EDT,Isco,Stream,,07/12/2024,,DartmouthID_AS-060325-199,0.019462998653136,0.0140517812094504,38.9010370275104,0.0430957672456185,2.73201396947033,7.80324850741315,0.0148646427208183,15.6890016508638,0.0192666141852243,5.94683031942487,4.91512128237574,0.181690065341524,0.0049073345423323,,,,,,
RI24-1322,Hungerford,03/30/2024,18:00,EDT,Isco,Stream,,07/12/2024,,DartmouthID_AS-060325-198,0.0144997252602692,0.0129634379987927,39.1213574040741,0.0533865044943898,2.52185777931115,7.63233549448152,0.0128019824652488,15.4311505616389,0.0220168491810076,5.87845135265669,4.77479136570416,0.180018920692831,0.0154434061026298,,,,,,
RI24-1333,Wade,03/30/2024,3:00,EDT,Isco,Stream,,07/18/2024,,UVM-Aglab_Replaced with Si run values,0.024,,5.352,0.004,0.798,0.728,-0.003,0.955,-0.01,,0.471,,0.004,0.007,,,,,
RI24-1334,Wade,03/30/2024,9:00,EDT,Isco,Stream,,07/18/2024,,UVM-Aglab_Replaced with Si run values,0.039,,8.217,0.011,0.901,1.144,0.002,1.376,-0.006,,0.089,,0.005,0.008,,,,,
RI24-1335,Wade,03/30/2024,15:00,EDT,Isco,Stream,,07/18/2024,,UVM-Aglab_Replaced with Si run values,0.036,,5.467,0.005,0.842,0.766,-0.003,0.979,-0.011,,0.318,,0.006,0.009,,,,,
RI24-1336,Wade,03/30/2024,21:00,EDT,Isco,Stream,,07/18/2024,,UVM-Aglab_Replaced with Si run values,0.032,,3.342,0.003,0.772,0.452,-0.006,0.661,-0.015,,0.264,,-0.001,0.007,,,,,
RI24-1323,Hungerford,03/31/2024,0:00,EDT,Isco,Stream,,07/12/2024,,DartmouthID_AS-060325-197,0.0117409081817787,0.012086454305355,37.6064951273732,0.0310410710996739,2.44853998590283,7.60619875803234,0.0060475555333858,15.5961871938566,0.0153387659519193,5.86184409911949,4.59846827868384,0.178836821325948,0.0074541138407746,,,,,,
RI24-1324,Hungerford,03/31/2024,6:00,EDT,Isco,Stream,,07/12/2024,,DartmouthID_AS-060325-196,0.0141400091615428,0.0143208793398266,37.0266307955478,0.0410715801206316,2.48302785237994,7.74227708967019,0.0156338385650919,15.7081492822738,0.0173477593489914,5.91806418569662,4.42382968520879,0.172338574464069,0.0025334291807087,,,,,,
RI24-1325,Hungerford,03/31/2024,12:00,EDT,Isco,Stream,,07/12/2024,,DartmouthID_AS-060325-195,0.014417358485429,0.0132130749685421,39.6394020817889,0.0368637341943378,2.57894981635967,7.68877424395117,0.016033022913889,15.9436645165679,0.0191432011744548,5.94400814865676,4.44543152328172,0.185967139001688,0.0001580539599062,,,,,,
RI24-1326,Hungerford,03/31/2024,18:00,EDT,Isco,Stream,,07/12/2024,,DartmouthID_AS-060325-194,0.0115329327138569,0.0150596054571707,41.4065719160562,0.0280410182342138,2.39816598995241,7.59095788217977,0.0126977395408744,15.8816456136849,0.0185899214412805,5.88153385592975,4.29258337037643,0.190376711974937,0.0030085998229911,,,,,,
RI24-1337,Wade,03/31/2024,3:00,EDT,Isco,Stream,,07/18/2024,,UVM-Aglab_Replaced with Si run values,0.047,,5.482,0.01,0.869,0.769,-0.002,0.998,-0.015,,0.292,,0.004,0.007,,,,,
RI24-1338,Wade,03/31/2024,9:00,EDT,Isco,Stream,,07/18/2024,"only 50 mL in ISCO bottle, presumably froze",,,,,,,,,,,,,,,,,,,,
RI24-1339,Wade,03/31/2024,15:00,EDT,Isco,Stream,,07/18/2024,,UVM-Aglab_Replaced with Si run values,0.031,,10.27,0.011,1.068,1.468,0.003,1.748,-0.005,,0.523,,0.004,0.008,,,,,
RI24-1340,Wade,03/31/2024,21:00,EDT,Isco,Stream,,07/18/2024,,UVM-Aglab_Replaced with Si run values,0.037,,5.382,0.006,0.982,0.754,-0.002,1.074,-0.009,,0.185,,-0.002,0.007,,,,,
RI24-1327,Hungerford,04/01/2024,0:00,EDT,Isco,Stream,,07/12/2024,,DartmouthID_AS-060325-193,0.0130329654056841,0.0105096988762174,33.4459466519848,0.0253109145900155,3.75174535692494,7.61603216566788,0.0058520082775367,15.9310236579492,0.0180437669630161,5.8287021884547,4.152230695488,0.165597504646128,0.0083137644399463,,,,,,
RI24-1328,Hungerford,04/01/2024,6:00,EDT,Isco,Stream,,07/12/2024,,DartmouthID_AS-060325-192,0.0059790590145099,5.53159781455598E-05,0.0827657257520797,0.0019240112404368,0.552106106026788,0.0059622216479501,0.0009321830796308,0.0435289335472775,0.0027336454586057,0.0293585213628288,0.028991240125427,0.0002931894200293,0.0187909034021935,,,,,,
RI24-1329,Hungerford,04/01/2024,12:00,EDT,Snowmelt lysimeter,Endmember,,07/18/2024,,UVM-Aglab_Replaced with Si run values,-0.001,,6.236,-0.007,1.069,1.678,-0.006,6.062,0.047,,1.129,,0.012,0.01,4.209,Run 2025-06-05,-142.804,-19.249,
RI24-1330,Hungerford,04/01/2024,12:15,EDT,Grab,Stream,,07/18/2024,Grab Taken in (acidwashed) polypro bottle,UVM-Aglab_Replaced with Si run values,-0.056,,62.049,0.034,3.767,11.564,0.035,22.884,0.075,,1.744,,0.063,0.006,,,-82.82,-12.086,
RI24-1341,Wade,04/01/2024,3:00,EDT,Isco,Stream,,07/18/2024,,UVM-Aglab_Replaced with Si run values,0.032,,4.706,0.004,1.042,0.658,-0.005,0.994,0,,0.721,,0.004,0.007,,,,,
RI24-1342,Wade,04/01/2024,9:00,EDT,Isco,Stream,,07/18/2024,,UVM-Aglab_Replaced with Si run values,0.022,,6.46,0.002,1.05,0.903,-0.001,1.498,-0.021,,0.156,,0.006,0.002,,,,,
RI24-1343,Wade,04/01/2024,14:00,EDT,Grab,Stream,,07/18/2024,Grab Taken in (acidwashed) polypro bottle,UVM-Aglab_,0.024,,2.766,0.001,0.662,0.377,-0.008,0.576,-0.022,,0.773,,0.006,0.007,,,,,
RI24-1344,Hungerford,04/04/2024,10:00,EDT,Snow,Endmember,,07/12/2024,,DartmouthID_AS-060325-191,0.0165948456778263,0.0113985944583165,29.69832112582,0.043447278773456,2.4171964376453,6.54511825812541,0.0144121591045247,13.5730980918428,0.0186237868065503,4.7462767603333,3.50534205814088,0.140988342669605,0.0123448971520179,,,,-93.225,-13.223,
RI24-1345,Wade,04/10/2024,12:30,EDT,Grab,Stream,,07/12/2024,"Spotty rain, snow mostly gone, 55 F, Gauge @ 0.60m. Set rain collected at Wade Dry site",,,,,,,,,,,,,,,,,,-103.885,-14.83,
RI24-1354,Wade,04/10/2024,13:00,EDT,Isco,Stream,,05/02/2024,,UVM-Aglab_,0.036,,2.184,0.002,0.513,0.256,-0.012,0.488,-0.029,,0.735,,0,0.005,,,-73.276,-11.003,
RI24-1355,Wade,04/10/2024,16:00,EDT,Isco,Stream,,05/02/2024,,UVM-Aglab_,0.04,,3.106,0.039,0.488,0.328,0.016,0.474,-0.035,,0.689,,-0.003,0.011,,,,,
RI24-1356,Wade,04/10/2024,19:00,EDT,Isco,Stream,,05/02/2024,,UVM-Aglab_,0.064,,2.159,0.016,0.688,0.301,0.005,1.021,0.015,,0.496,,-0.003,0.007,,,,,
RI24-1357,Wade,04/10/2024,22:00,EDT,Isco,Stream,,05/02/2024,,UVM-Aglab_,0.052,,2.036,0.004,0.467,0.238,-0.013,0.422,-0.033,,0.548,,-0.007,0.005,,,-101.67,-14.543,
RI24-1357,Wade,04/10/2024,22:00,EDT,Isco,Stream,,05/02/2024,,UVM-Aglab_,0.052,,2.036,0.004,0.467,0.238,-0.013,0.422,-0.033,,0.548,,-0.007,0.005,,,-104.837,-14.956,
RI24-1346,Hungerford,04/10/2024,14:30,EDT,Grab,Stream,,07/12/2024,Grab Taken in (acidwashed) polypro bottle,DartmouthID_AS-060325-190,0.019166349658393,0.0148809347209105,34.563818309558,0.0439086373807346,2.33609267056828,6.56495104765851,0.0009959815640427,14.6120323872609,0.0190017097884998,4.60555737705986,3.66810485355423,0.158544859611,0.046821840894003,,,,-85.919,-12.41,
RI24-1363,Hungerford,04/10/2024,15:00,EDT,Isco,Stream,,05/02/2024,Ant in ISCO bottle,UVM-Aglab_,-0.006,,26.082,0.053,2.102,6.134,-0.014,11.86,0.019,,1.422,,-0.009,0.005,,,-85.065,-12.37,
RI24-1364,Hungerford,04/10/2024,18:00,EDT,Isco,Stream,,05/02/2024,,UVM-Aglab_,-0.023,,30.988,0.03,2.215,6.442,-0.015,12.383,0.013,,1.473,,-0.008,0.005,,,,,
RI24-1365,Hungerford,04/10/2024,21:00,EDT,Isco,Stream,,05/02/2024,,UVM-Aglab_,-0.027,,30.245,0.031,2.295,6.415,-0.014,12.733,0.018,,1.507,,-0.008,0.006,,,-84.43,-12.331,
RI24-1371,Hungerford,04/11/2024,12:00,EDT,Isco,Stream,,07/12/2024,,DartmouthID_AS-060325-189,0.0135461536347407,0.0124206398551097,34.1778994816894,0.0462969553653322,2.12302438692778,6.76047968872612,0.0012657779811147,15.0189094986618,0.0186240480152597,4.7444465730493,3.77703615913099,0.16054800619501,-0.0002901985620797,,,,,,
RI24-1372,Hungerford,04/11/2024,15:00,EDT,Isco,Stream,,07/12/2024,,DartmouthID_AS-060325-188,0.0189677324173638,0.0136739148788018,36.5279882038011,0.0491559844528971,3.14130445799229,6.35770144511915,0.0021631784820646,14.0259241394609,0.0204029448603594,4.59239027911737,3.777268715379,0.163832477624427,0.0861813473049405,,,,-82.704,-12.006,
RI24-1373,Hungerford,04/11/2024,18:00,EDT,Isco,Stream,,07/12/2024,,DartmouthID_AS-060325-187,0.0291144098545761,0.0101039014375229,25.9731550675898,0.0455308396589741,1.8925438833586,5.23443483333473,0.0011124144001827,10.8184777470428,0.0157207228698755,3.70190452234933,3.95839355902421,0.128086097091113,0.0062002186863846,,,,,,
RI24-1374,Hungerford,04/11/2024,21:00,EDT,Isco,Stream,,07/12/2024,,DartmouthID_AS-060325-186,0.0481854097627189,0.0137640636362983,37.2494364728934,0.0433343082827458,3.81332912466216,6.93444687175237,0.0008526504868736,15.1735829419101,0.0173205816643603,4.98628347597109,3.91819299192478,0.173657527557117,0.0012412246363525,,,,-81.724,-11.684,
RI24-1391,Wade,01/11/2024,14:00,EDT,Baseflow,Endmember,,07/12/2024,Baseflow candidate,DartmouthID_AS-061025-136,0.0426538102070597,0.0128069990670046,28.8306144289319,0.0716753261984213,3.63005629729263,5.96337648355687,0.005710388901655,12.6028583837091,0.0365255565750062,3.948961896738,4.97724536484027,0.13035399555211,0.0285237920091213,,,,-103.78,-14.592,
RI24-1392,Wade,04/11/2024,17:00,EDT,Isco,Stream,,07/12/2024,,DartmouthID_AS-061025-139,0.0674640607586426,0.0025996360951318,1.9515642597038,0.0132106215664608,0.283662348402624,0.280805699004079,0.0034165951890458,0.368831164422948,0.0026425976757853,0.605903499789152,1.53201726957322,0.0111293718685667,0.0358569527750051,,,,,,
RI24-1393,Wade,04/11/2024,20:00,EDT,Isco,Stream,,07/12/2024,,DartmouthID_AS-061025-158,0.062366534331457,0.0024155761374745,1.98243925851756,0.0217343448569342,0.270602955304998,0.280984933754734,0.0018669961193589,0.374841594695575,0.0015509458434549,0.59060331749841,0.383107684471899,0.010847750460223,0.0377913127804203,,,,-104.378,-14.931,
RI24-1394,Wade,04/11/2024,23:00,EDT,Isco,Stream,,07/12/2024,,DartmouthID_AS-060325-169,0.0620534193041808,0.0158725470621121,36.7057833630679,0.0692341581050453,3.46962792149588,6.46338085041334,0.0055349753858449,13.7029915678632,0.0283071372725236,4.34340687408588,5.48321185202562,0.160173993043414,-0.0007019764050546,,,,,,
RI24-1394,Wade,04/11/2024,23:00,EDT,Isco,Stream,,07/12/2024,,DartmouthID_AS-061025-131,0.0747973032113041,0.00319222374352,1.89247566730633,0.0196337280793854,0.360054836615376,0.269522621249631,0.0047946385500037,0.294373394835373,0.0052072861034694,0.583768146162514,1.49599319159371,0.0107464612429605,0.0367258875590657,,,,,,
RI24-1348,Wade,04/11/2024,13:00,EDT,Snowmelt lysimeter,Endmember,,05/02/2024,,UVM-Aglab_,0.004,,0.56,-0.016,0.656,0.216,-0.015,0.204,-0.034,,0.279,,0.019,0.005,3.699,Run 2025-06-05,-134.317,-18.463,
RI24-1349,Wade,04/11/2024,13:15,EDT,Soil water lysimeter dry,Endmember,,05/02/2024,Dry site lysimeter,UVM-Aglab_,0.348,,0.333,0.091,0.445,0.079,-0.014,0.244,-0.036,,0.627,,0.017,0.005,,,-121.868,-17.072,
RI24-1350,Wade,04/11/2024,13:15,EDT,Rain,Endmember,,05/02/2024,Collector set 04/10/2024 12:30,UVM-Aglab_,0.008,,0.755,-0.013,0.63,0.046,-0.009,0.487,-0.006,,0.018,,0.058,0.01,,,-9.622,-2.618,
RI24-1358,Wade,04/11/2024,1:00,EDT,Isco,Stream,,05/02/2024,,UVM-Aglab_,0.058,,2.036,0.004,0.473,0.249,-0.012,0.417,-0.034,,0.59,,-0.006,0.005,,,,,
RI24-1359,Wade,04/11/2024,4:00,EDT,Isco,Stream,,05/02/2024,,UVM-Aglab_,0.045,,2.055,0.002,0.455,0.248,-0.012,0.409,-0.029,,0.541,,-0.005,0.004,,,-105.096,-15.127,
RI24-1360,Wade,04/11/2024,7:00,EDT,Isco,Stream,,05/02/2024,,UVM-Aglab_,0.044,,2.065,0.002,0.478,0.252,-0.013,0.411,-0.043,,0.561,,-0.005,0.004,,,,,
RI24-1361,Wade,04/11/2024,10:00,EDT,Isco,Stream,,05/02/2024,,UVM-Aglab_,0.042,,2.011,0,0.477,0.249,-0.013,0.414,-0.037,,0.564,,-0.005,0.004,,,,,
RI24-1362,Wade,04/11/2024,13:00,EDT,Isco,Stream,,05/02/2024,,UVM-Aglab_,0.045,,2,-0.002,0.521,0.25,-0.009,0.456,-0.033,,0.592,,-0.007,0.004,,,,,
RI24-1347,Wade,04/11/2024,13:30,EDT,Grab,Stream,,05/02/2024,"Rainy, 50 F, Gauge @ 0.63m ED",UVM-Aglab_,0.051,,1.974,-0.001,0.463,0.235,-0.012,0.418,-0.033,,0.629,,-0.006,0.004,,,,,
RI24-1366,Hungerford,04/11/2024,0:00,EDT,Isco,Stream,,05/02/2024,,UVM-Aglab_,-0.022,,30.377,0.024,2.291,6.57,-0.015,12.427,0.015,,1.523,,-0.009,0.006,,,,,
RI24-1367,Hungerford,04/11/2024,3:00,EDT,Isco,Stream,,05/02/2024,,UVM-Aglab_,-0.015,,31.589,0.059,2.353,6.567,-0.014,13.018,0.013,,1.478,,-0.009,0.005,,,-83.194,-12.22,
RI24-1368,Hungerford,04/11/2024,6:00,EDT,Isco,Stream,,05/02/2024,,UVM-Aglab_,-0.022,,32.18,0.03,2.348,6.685,-0.015,12.964,0.018,,1.5,,-0.008,0.007,,,,,
RI24-1369,Hungerford,04/11/2024,9:00,EDT,Isco,Stream,,07/12/2024,,UVM-Aglab_,-0.016,,29.915,0.04,2.348,6.548,-0.015,13.391,0.015,,1.495,,-0.009,0.006,,,-83.2,-12.045,
RI24-1351,Hungerford,04/11/2024,11:00,EDT,Grab,Stream,,05/02/2024,Grab Taken in (acidwashed) polypro bottle,UVM-Aglab_,-0.033,,34.79,0.028,2.224,6.336,0.002,13.182,0.014,,1.504,,-0.007,0.005,,,,,
RI24-1352,Hungerford,04/11/2024,11:15,EDT,Snowmelt lysimeter,Endmember,,05/02/2024,,UVM-Aglab_,0.005,,2.698,-0.012,0.945,0.597,-0.013,0.972,-0.023,,0.427,,0.004,0.005,3.154,Run 2025-07-21,-92.57,-13.192,
RI24-1353,Hungerford,04/11/2024,11:30,EDT,Soil water lysimeter dry,Endmember,,05/02/2024,Dry site lysimeter,UVM-Aglab_,-0.025,,28.675,-0.008,0.777,3.982,-0.018,6.927,0.051,,5.204,,0.008,0.007,14.876,Run 2025-07-21,-83.179,-12.068,
RI24-1375,Hungerford,04/12/2024,0:00,EDT,Isco,Stream,,07/12/2024,,DartmouthID_AS-060325-185,0.0271727093805577,0.0120096389528186,32.1288775336203,0.0497751503986688,2.29689773635787,7.08118079204336,0.0007603321359578,15.4568433063943,0.0171707564559545,4.9287967364259,3.81405987863985,0.152364871970993,-0.0012456024812302,,,,,,
RI24-1376,Hungerford,04/12/2024,3:00,EDT,Isco,Stream,,07/12/2024,,DartmouthID_AS-060325-184,0.0194154399355323,0.0112954812943893,30.8202809124848,0.0394985712010113,2.72268992777756,7.01384132239709,0.000625824190627,15.5096036830414,0.0159481773821373,4.80560444267428,3.84254532458446,0.149813784896082,-0.0001698262512007,,,,-81.555,-11.759,
RI24-1377,Hungerford,04/12/2024,6:00,EDT,Isco,Stream,,07/12/2024,,DartmouthID_AS-060325-183,0.0164614198059536,0.0152305765895103,39.1155937780635,0.0337542651614669,2.55890702870536,7.16224001461212,0.0003396425334754,15.8588611519561,0.0202821317133782,4.92240531254378,3.74919448277363,0.178865463540762,0.0143963249835023,,,,,,
RI24-1378,Hungerford,04/12/2024,9:00,EDT,Isco,Stream,,07/12/2024,,DartmouthID_AS-060325-182,0.0258278920940218,0.0121531159272131,32.0023516824201,0.0372788815544067,2.76512139255395,6.97531567093713,0.0011052502186731,15.6453353365683,0.0187819583822876,4.81057542587196,3.78811803385042,0.155330244158543,-0.0014051881017234,,,,,,
RI24-1379,Hungerford,04/12/2024,12:00,EDT,Isco,Stream,,07/12/2024,,DartmouthID_AS-060325-181,0.017004391296434,0.0111876801629791,30.9855987646131,0.0261393848462998,3.93636255049696,7.10094423344052,0.0003394505352682,15.8533448427157,0.0181644744935443,4.90985786819763,3.68350134494699,0.15410914057057,-0.0014058131179318,,,,,,
RI24-1380,Hungerford,04/12/2024,15:00,EDT,Isco,Stream,,07/12/2024,,DartmouthID_AS-060325-180,0.0196768077252108,0.0121949104035016,32.5309770140791,0.0320037863182875,2.4487930707161,6.97946287071136,0.0006710885567574,15.5104218599943,0.0180535954924846,4.88979531045432,3.53980045525327,0.158113821230295,0.006708660395283,,,,-81.575,-11.589,
RI24-1381,Hungerford,04/12/2024,18:00,EDT,Isco,Stream,,07/12/2024,,DartmouthID_AS-060325-179,0.513000728850296,0.0137933742056643,28.2508724394618,0.533221563105578,5.05387164239133,5.26412513451044,0.0109233141787883,10.6745952398277,0.0738560601786161,3.4815696180566,4.0190673407003,0.11201537840865,3.38232202898174E-05,,,,,,
RI24-1382,Hungerford,04/12/2024,21:00,EDT,Isco,Stream,,07/12/2024,,DartmouthID_AS-060325-178,0.197829893537782,0.0129305141333954,22.3434027336305,0.233728814651055,5.03239340663525,3.97687363922092,0.0039224233917963,8.05271514598622,0.0487868509560708,2.53424570664722,3.91279325483795,0.0905719510736255,-0.0004951562245092,,,,-75.842,-10.626,
RI24-1395,Wade,04/12/2024,2:00,EDT,Isco,Stream,,07/12/2024,,DartmouthID_AS-061025-154,0.0788307581533189,0.0029495039756876,2.06625880520039,0.0285410924582365,0.208854337043996,0.281069493400415,0.0044827019328672,0.361033438675761,0.0007573100248918,0.589349213277745,0.379470656059127,0.0107967175302317,0.0366935149166929,,,,-104.657,-15.022,
RI24-1396,Wade,04/12/2024,5:00,EDT,Isco,Stream,,07/12/2024,,DartmouthID_AS-061025-130,0.0774580440090744,0.0034223300932029,1.79551960441032,0.0253488897382159,0.342963248029147,0.261433271489386,0.0049426821666299,0.293428247594178,0.0070767218862219,0.572140891557525,1.29459511214834,0.0101016335707127,0.0340048531034001,,,,,,
RI24-1397,Wade,04/12/2024,8:00,EDT,Isco,Stream,,07/12/2024,,DartmouthID_AS-061025-161,0.10644694382042,0.0048306211823007,3.61992878302081,0.0411139199520142,0.353610168834343,0.536061785191408,0.0050286889465767,0.714637697178002,0.0038077383681801,1.12081851485754,0.674332858845945,0.0205787285905617,0.0369515725064353,,,,-103.828,-14.939,
RI24-1398,Wade,04/12/2024,11:00,EDT,Isco,Stream,,07/12/2024,,DartmouthID_AS-061025-137,0.0807763173023066,0.0028504646852898,1.68870399087099,0.0242667149258554,0.409492958974145,0.247813635227905,0.0025991147988489,0.305970489902399,0.0029041404899594,0.538916577057985,1.07786773720497,0.0096302228782965,0.0347245445850936,,,,,,
RI24-1399,Wade,04/12/2024,14:00,EDT,Isco,Stream,,07/12/2024,,DartmouthID_AS-061025-151,0.0977533983696291,0.0035974628023715,2.35993949545767,0.0273303411164611,0.333468852639778,0.355096298692382,0.007420060742817,0.456743621865489,0.0023364406723835,0.75950950257835,0.475653472119659,0.0135762844411645,0.0394094211327752,,,,-104.197,-15.083,
RI24-1400,Wade,04/12/2024,17:00,EDT,Isco,Stream,,07/12/2024,,DartmouthID_AS-061025-138,0.0699956949537437,0.0027104206445159,1.84377910111625,0.0247990768304076,0.405497320249711,0.258553969572527,0.01091447683443,0.344603216016153,0.0032032748799748,0.539980048594876,1.10013992097117,0.0103215862946442,0.0626796237757599,,,,,,
RI24-1401,Wade,04/12/2024,20:00,EDT,Isco,Stream,,07/12/2024,,DartmouthID_AS-061025-160,0.0766930961209541,0.0024593247299352,1.83879185222912,0.0295628634190779,0.288649840020449,0.26294997821404,0.003609391633192,0.356735167631894,0.0006582584924859,0.573430255356442,0.340740041998684,0.0108232126823087,0.0368123011670564,,,,-103.105,-14.886,
RI24-1402,Wade,04/12/2024,23:00,EDT,Isco,Stream,,07/12/2024,,DartmouthID_AS-061025-134,0.0943568573572721,0.0028273391639919,1.62105997006086,0.0274185354864689,0.344924399350985,0.226550043489976,0.0042241111758845,0.292551337566303,0.0025321180458649,0.514225058346426,1.01244647773746,0.0098183517965355,0.0364412912070244,,,,,,
RI24-1383,Hungerford,04/13/2024,0:00,EDT,Isco,Stream,,07/12/2024,,DartmouthID_AS-060325-177,0.206260130671657,0.012941407058961,22.1346229424837,0.245749785603944,4.32137534473949,3.90721521273491,0.0040404696898,9.04519095031258,0.0519873393463495,2.27936772821142,4.59420668661831,0.0914410018024895,-0.0006713777035348,,,,,,
RI24-1384,Hungerford,04/13/2024,3:00,EDT,Isco,Stream,,07/12/2024,,DartmouthID_AS-060325-176,0.196864668569811,0.0129726084669303,23.5572500483389,0.2426084710198,4.00649582171003,4.34517430693095,0.0045405842184533,9.36701347979458,0.0429956043721453,2.70639104452746,5.07173792467458,0.100672756730525,0.0035279859474863,,,,-78.462,-10.963,
RI24-1385,Hungerford,04/13/2024,6:00,EDT,Isco,Stream,,07/12/2024,,DartmouthID_AS-060325-175,0.116993177542219,0.0127710485875003,25.7677921118583,0.152988892159578,4.76837879099464,4.87927053828109,0.0038431837508321,9.95817960019964,0.0458784668533444,3.08438020993456,5.08733612743854,0.110793182784012,0.0009224440016773,,,,,,
RI24-1386,Hungerford,04/13/2024,9:00,EDT,Isco,Stream,,07/12/2024,,DartmouthID_AS-060325-174,0.1603589883198,0.0146356816719927,29.8546972709033,0.216814919518294,3.82243138851098,5.26659313909919,0.0065484588669435,10.7482593120512,0.0429677376652759,3.38291151451463,5.44728549571847,0.12751240348986,0.000220662494294,,,,-81.949,-11.783,
RI24-1387,Hungerford,04/13/2024,12:00,EDT,Isco,Stream,,07/12/2024,,DartmouthID_AS-060325-173,0.082174951794958,0.014048058232978,30.8422745546167,0.133207305820333,3.02415595439095,5.7780953174255,0.0057246743442023,12.1654545741848,0.0329854796911525,3.9143050472255,5.40276424932652,0.136190072128715,0.0003004971019026,,,,,,
RI24-1388,Hungerford,04/13/2024,21:00,EDT,Isco,Stream,,07/12/2024,,DartmouthID_AS-060325-172,0.110201275621953,0.0136358270564071,30.8574190489945,0.156843449635695,3.70200741063638,6.0306612395532,0.0058434325848193,12.532514071428,0.0408433317889378,4.03123795710179,5.53471871020393,0.136783055954837,-0.0013564624003604,,,,-83.744,-11.839,
RI24-1403,Wade,04/13/2024,2:00,EDT,Isco,Stream,,07/12/2024,,DartmouthID_AS-061025-135,0.0876935739882161,0.0021810044254685,1.58220943441674,0.0241271819316102,0.236425944135994,0.227509530870494,0.0043024211554797,0.294003960635821,0.0013030925135562,0.500184425306775,1.10028747697161,0.0093645193775225,0.0346103877252556,,,,,,
RI24-1404,Wade,04/13/2024,5:00,EDT,Isco,Stream,,07/12/2024,,DartmouthID_AS-061025-148,0.0768179325411111,0.0032323362047891,2.25502372306717,0.0242086309615142,0.395864560482703,0.318921623280248,0.0063733176588541,0.439892581808714,0.0026297555340658,0.68552650145623,0.368170442671328,0.0128528854660993,0.0389206886674883,,3.206,Run 2025-06-05,-104.082,-14.972,
RI24-1405,Wade,04/13/2024,8:00,EDT,Isco,Stream,,07/12/2024,,DartmouthID_AS-061025-144,0.0808656277559676,0.0026572902012994,1.80394457709094,0.0213204478416856,0.314507961394322,0.260921544845798,0.0061070154208702,0.360280687821441,0.000333298409861,0.571117602329808,1.37078828224586,0.0105463278398224,0.0353322519718659,,,,,,
RI24-1406,Wade,04/13/2024,14:00,EDT,Isco,Stream,,07/12/2024,,,,,,,,,,,,,,,,,3.583,Run 2025-06-05,-104.522,-14.978,
RI24-1407,Wade,04/13/2024,17:00,EDT,Isco,Stream,,07/12/2024,,DartmouthID_AS-061025-133,0.0686144202471756,0.0031649697576179,1.95159606431893,0.0177384500949655,0.357929596555975,0.280912789094364,0.0083786053879099,0.34056955078177,0.0057482590965893,0.608612881262846,1.64090503407622,0.0113990711548945,0.0363993895791501,,,,,,
RI24-1408,Wade,04/13/2024,20:00,EDT,Isco,Stream,,07/12/2024,,DartmouthID_AS-060325-167,0.0663520161748478,0.0028298827513303,2.28457530132762,0.026471218434257,0.0844661990090194,0.328185115726614,0.0095443408961473,0.502643532658844,0.0027358848136041,0.656685531281117,2.07463250888432,0.0125992541472159,0.0136666295584406,,3.433,Run 2025-06-05,-104.685,-15.081,
RI24-1389,Hungerford,04/14/2024,0:00,EDT,Isco,Stream,,07/12/2024,,DartmouthID_AS-060325-171,0.0441414944458949,0.013241218822866,28.3617048003366,0.0813687569298839,3.90002033084437,6.27042808955273,0.0024715055463672,12.7973032556619,0.0383968795343317,4.06319352649074,5.20193193261854,0.128396211950037,-0.0010953716577593,,,,,,
RI24-1390,Hungerford,04/14/2024,3:00,EDT,Isco,Stream,,07/12/2024,,DartmouthID_AS-060325-170,0.0964406198825184,0.0161053043483701,34.9500398986589,0.151530894247226,3.80825874602696,6.42024695724279,0.007916633751543,13.0547267748666,0.0522895866877793,4.1825733160012,5.34493852811938,0.148767183498729,-0.0012138503355491,,,,,,
RI24-1413,Hungerford,04/14/2024,6:00,EDT,Isco,Stream,,,There was some confusion with ID# RI24_1392 and 1391,,,,,,,,,,,,,,,,,,-86.951,-12.404,
RI24-1414,Hungerford,04/14/2024,14:30,EDT,Grab,Stream,,,Grab Taken in (acidwashed) polypro bottle,,,,,,,,,,,,,,,,,,-86.118,-12.429,
RI24-1409,Wade,04/14/2024,2:00,EDT,Isco,Stream,,07/12/2024,,DartmouthID_AS-060325-168,0.057130924869095,0.0025402651450304,2.25062372407416,0.0276457776783673,0.117495854496422,0.317001528071756,0.0092816107588291,0.393757533412695,0.0037760535583309,0.673379516079956,1.96361856927774,0.0124974355043878,0.0055769484315503,,,,,,
RI24-1410,Wade,04/14/2024,5:00,EDT,Isco,Stream,,07/12/2024,,DartmouthID_AS-060325-206,0.0495333567885878,0.0021710510814409,2.30574052622543,0.024499911652664,6.32509707609426,0.321366929197552,0.0098905655356953,0.379959688552314,0.0009387865341433,0.697806642498056,1.9077543485968,0.0129110928059504,0.0033861823934224,,,,-104.411,-15.212,
RI24-1411,Wade,01/14/2024,8:00,EDT,Baseflow,Endmember,,07/12/2024,Candidate for baseflow,DartmouthID_AS-060325-205,0.0135534395860428,0.0151443755531104,41.1289967308976,0.0451627246817397,2.58393060343014,7.70166989951656,0.0367619497752374,20.2961769254978,0.0355282920737053,5.46730329024485,5.3571778345676,0.185374172020883,0.0030386312835831,,,,-104.173,-15.105,
RI24-1370,Wade,04/14/2024,17:00,EDT,Grab,Stream,,07/12/2024,Grab Taken in (acidwashed) polypro bottle,DartmouthID_AS-061025-132,0.063411418263628,0.008633664802138,2.87028984448427,0.0271271153022889,0.420579509905759,0.323704896201533,0.0099815880642598,0.374638109189998,0.0093502488470515,0.707242286378734,0.261329380213483,0.0137999868667168,0.251666839843462,,,,-103.861,-14.898,
